command,cpu_utilization,date,time,cpu_percent,mem_percent,power_watts
stress-ng --cpu 4 --cpu-load 0 --quiet --timeout 60s,0,4/23/2026,19:51:55,2.23,6.95,9.65
stress-ng --cpu 4 --cpu-load 0 --quiet --timeout 60s,0,4/23/2026,19:51:56,3.21,7,9.34
stress-ng --cpu 4 --cpu-load 0 --quiet --timeout 60s,0,4/23/2026,19:51:57,1.71,6.99,10.63
stress-ng --cpu 4 --cpu-load 0 --quiet --timeout 60s,0,4/23/2026,19:51:58,2.2,6.99,10.63
stress-ng --cpu 4 --cpu-load 0 --quiet --timeout 60s,0,4/23/2026,19:51:59,1.47,6.99,9.24
stress-ng --cpu 4 --cpu-load 0 --quiet --timeout 60s,0,4/23/2026,19:52:00,2.95,6.99,9.24
stress-ng --cpu 4 --cpu-load 0 --quiet --timeout 60s,0,4/23/2026,19:52:01,2.45,6.98,9.82
stress-ng --cpu 4 --cpu-load 0 --quiet --timeout 60s,0,4/23/2026,19:52:02,1.71,6.98,9.93
stress-ng --cpu 4 --cpu-load 0 --quiet --timeout 60s,0,4/23/2026,19:52:03,2.21,6.98,9.93
stress-ng --cpu 4 --cpu-load 0 --quiet --timeout 60s,0,4/23/2026,19:52:04,1.23,6.98,9.6
stress-ng --cpu 4 --cpu-load 0 --quiet --timeout 60s,0,4/23/2026,19:52:05,1.96,6.98,9.24
stress-ng --cpu 4 --cpu-load 0 --quiet --timeout 60s,0,4/23/2026,19:52:06,1.71,6.95,9.24
stress-ng --cpu 4 --cpu-load 0 --quiet --timeout 60s,0,4/23/2026,19:52:07,1.22,6.95,9.59
stress-ng --cpu 4 --cpu-load 0 --quiet --timeout 60s,0,4/23/2026,19:52:08,1.22,6.95,9.66
stress-ng --cpu 4 --cpu-load 0 --quiet --timeout 60s,0,4/23/2026,19:52:09,0.98,6.95,9.66
stress-ng --cpu 4 --cpu-load 0 --quiet --timeout 60s,0,4/23/2026,19:52:10,1.47,6.95,9.25
stress-ng --cpu 4 --cpu-load 0 --quiet --timeout 60s,0,4/23/2026,19:52:11,1.22,6.95,9.2
stress-ng --cpu 4 --cpu-load 0 --quiet --timeout 60s,0,4/23/2026,19:52:12,1.96,6.95,9.2
stress-ng --cpu 4 --cpu-load 0 --quiet --timeout 60s,0,4/23/2026,19:52:13,1.47,6.95,9.51
stress-ng --cpu 4 --cpu-load 0 --quiet --timeout 60s,0,4/23/2026,19:52:14,1.22,6.95,9.37
stress-ng --cpu 4 --cpu-load 0 --quiet --timeout 60s,0,4/23/2026,19:52:15,1.46,6.95,9.37
stress-ng --cpu 4 --cpu-load 0 --quiet --timeout 60s,0,4/23/2026,19:52:16,1.47,6.95,9.24
stress-ng --cpu 4 --cpu-load 0 --quiet --timeout 60s,0,4/23/2026,19:52:17,1.22,6.95,9.49
stress-ng --cpu 4 --cpu-load 0 --quiet --timeout 60s,0,4/23/2026,19:52:18,1.47,6.95,9.49
stress-ng --cpu 4 --cpu-load 0 --quiet --timeout 60s,0,4/23/2026,19:52:19,0.98,6.95,9.14
stress-ng --cpu 4 --cpu-load 0 --quiet --timeout 60s,0,4/23/2026,19:52:20,1.22,6.95,9.19
stress-ng --cpu 4 --cpu-load 0 --quiet --timeout 60s,0,4/23/2026,19:52:21,1.22,6.96,9.19
stress-ng --cpu 4 --cpu-load 0 --quiet --timeout 60s,0,4/23/2026,19:52:22,1.22,6.96,9.06
stress-ng --cpu 4 --cpu-load 0 --quiet --timeout 60s,0,4/23/2026,19:52:23,1.23,6.96,9.48
stress-ng --cpu 4 --cpu-load 0 --quiet --timeout 60s,0,4/23/2026,19:52:24,1.22,6.96,9.48
stress-ng --cpu 4 --cpu-load 0 --quiet --timeout 60s,0,4/23/2026,19:52:25,1.22,6.96,9.14
stress-ng --cpu 4 --cpu-load 0 --quiet --timeout 60s,0,4/23/2026,19:52:26,1.22,6.96,9.16
stress-ng --cpu 4 --cpu-load 0 --quiet --timeout 60s,0,4/23/2026,19:52:27,0.98,6.96,9.16
stress-ng --cpu 4 --cpu-load 0 --quiet --timeout 60s,0,4/23/2026,19:52:28,1.22,6.96,9.87
stress-ng --cpu 4 --cpu-load 0 --quiet --timeout 60s,0,4/23/2026,19:52:29,1.47,6.96,9.74
stress-ng --cpu 4 --cpu-load 0 --quiet --timeout 60s,0,4/23/2026,19:52:30,1.22,6.96,9.74
stress-ng --cpu 4 --cpu-load 0 --quiet --timeout 60s,0,4/23/2026,19:52:31,1.71,6.96,9.2
stress-ng --cpu 4 --cpu-load 0 --quiet --timeout 60s,0,4/23/2026,19:52:32,0.98,6.96,9.63
stress-ng --cpu 4 --cpu-load 0 --quiet --timeout 60s,0,4/23/2026,19:52:33,0.98,6.96,9.63
stress-ng --cpu 4 --cpu-load 0 --quiet --timeout 60s,0,4/23/2026,19:52:34,1.47,6.96,9.37
stress-ng --cpu 4 --cpu-load 0 --quiet --timeout 60s,0,4/23/2026,19:52:35,1.47,6.96,8.98
stress-ng --cpu 4 --cpu-load 0 --quiet --timeout 60s,0,4/23/2026,19:52:36,1.72,6.96,8.98
stress-ng --cpu 4 --cpu-load 0 --quiet --timeout 60s,0,4/23/2026,19:52:37,1.22,6.96,9.8
stress-ng --cpu 4 --cpu-load 0 --quiet --timeout 60s,0,4/23/2026,19:52:38,1.47,6.96,9.23
stress-ng --cpu 4 --cpu-load 0 --quiet --timeout 60s,0,4/23/2026,19:52:39,0.98,6.96,9.23
stress-ng --cpu 4 --cpu-load 0 --quiet --timeout 60s,0,4/23/2026,19:52:40,1.47,6.96,9.58
stress-ng --cpu 4 --cpu-load 0 --quiet --timeout 60s,0,4/23/2026,19:52:41,0.98,6.96,9.01
stress-ng --cpu 4 --cpu-load 0 --quiet --timeout 60s,0,4/23/2026,19:52:42,1.47,6.96,9.01
stress-ng --cpu 4 --cpu-load 0 --quiet --timeout 60s,0,4/23/2026,19:52:43,1.22,6.96,9.87
stress-ng --cpu 4 --cpu-load 0 --quiet --timeout 60s,0,4/23/2026,19:52:44,2.21,6.96,9.1
stress-ng --cpu 4 --cpu-load 0 --quiet --timeout 60s,0,4/23/2026,19:52:45,1.97,6.96,9.1
stress-ng --cpu 4 --cpu-load 0 --quiet --timeout 60s,0,4/23/2026,19:52:46,1.49,6.96,9.69
stress-ng --cpu 4 --cpu-load 0 --quiet --timeout 60s,0,4/23/2026,19:52:47,0.99,6.96,9.38
stress-ng --cpu 4 --cpu-load 0 --quiet --timeout 60s,0,4/23/2026,19:52:48,0.99,6.96,9.38
stress-ng --cpu 4 --cpu-load 0 --quiet --timeout 60s,0,4/23/2026,19:52:49,0.99,6.96,10.24
stress-ng --cpu 4 --cpu-load 0 --quiet --timeout 60s,0,4/23/2026,19:52:50,0.99,6.96,8.96
stress-ng --cpu 4 --cpu-load 0 --quiet --timeout 60s,0,4/23/2026,19:52:51,0.99,6.96,8.96
stress-ng --cpu 4 --cpu-load 0 --quiet --timeout 60s,0,4/23/2026,19:52:52,1.22,6.96,9.46
stress-ng --cpu 4 --cpu-load 0 --quiet --timeout 60s,0,4/23/2026,19:52:53,1.22,6.96,8.97
stress-ng --cpu 4 --cpu-load 0 --quiet --timeout 60s,0,4/23/2026,19:52:54,1.72,6.96,8.97
stress-ng --cpu 4 --cpu-load 0 --quiet --timeout 60s,0,4/23/2026,19:52:55,3.93,6.99,9.26
stress-ng --cpu 4 --cpu-load 0 --quiet --timeout 60s,0,4/24/2026,4:22:13,1.97,7.01,9.77
stress-ng --cpu 4 --cpu-load 0 --quiet --timeout 60s,0,4/24/2026,4:22:14,1.24,7.01,9.44
stress-ng --cpu 4 --cpu-load 0 --quiet --timeout 60s,0,4/24/2026,4:22:15,1.47,7.01,9.55
stress-ng --cpu 4 --cpu-load 0 --quiet --timeout 60s,0,4/24/2026,4:22:16,1.47,7.01,9.55
stress-ng --cpu 4 --cpu-load 0 --quiet --timeout 60s,0,4/24/2026,4:22:17,1.46,7.01,9.74
stress-ng --cpu 4 --cpu-load 0 --quiet --timeout 60s,0,4/24/2026,4:22:18,1.47,7.01,9.4
stress-ng --cpu 4 --cpu-load 0 --quiet --timeout 60s,0,4/24/2026,4:22:19,1.47,7.01,9.4
stress-ng --cpu 4 --cpu-load 0 --quiet --timeout 60s,0,4/24/2026,4:22:20,1.47,7.01,9.29
stress-ng --cpu 4 --cpu-load 0 --quiet --timeout 60s,0,4/24/2026,4:22:21,1.47,7.01,9.31
stress-ng --cpu 4 --cpu-load 0 --quiet --timeout 60s,0,4/24/2026,4:22:22,1.71,7.01,9.31
stress-ng --cpu 4 --cpu-load 0 --quiet --timeout 60s,0,4/24/2026,4:22:23,1.23,7.01,9.85
stress-ng --cpu 4 --cpu-load 0 --quiet --timeout 60s,0,4/24/2026,4:22:24,1.95,7.01,9.14
stress-ng --cpu 4 --cpu-load 0 --quiet --timeout 60s,0,4/24/2026,4:22:25,1.47,7.01,9.14
stress-ng --cpu 4 --cpu-load 0 --quiet --timeout 60s,0,4/24/2026,4:22:26,0.49,7.01,9.31
stress-ng --cpu 4 --cpu-load 0 --quiet --timeout 60s,0,4/24/2026,4:22:27,1.73,7.01,9.37
stress-ng --cpu 4 --cpu-load 0 --quiet --timeout 60s,0,4/24/2026,4:22:28,0.99,7.01,9.37
stress-ng --cpu 4 --cpu-load 0 --quiet --timeout 60s,0,4/24/2026,4:22:29,0.99,7.01,9.36
stress-ng --cpu 4 --cpu-load 0 --quiet --timeout 60s,0,4/24/2026,4:22:30,1.23,7.01,9.1
stress-ng --cpu 4 --cpu-load 0 --quiet --timeout 60s,0,4/24/2026,4:22:31,1.22,7.01,9.1
stress-ng --cpu 4 --cpu-load 0 --quiet --timeout 60s,0,4/24/2026,4:22:32,0.98,7.01,9.74
stress-ng --cpu 4 --cpu-load 0 --quiet --timeout 60s,0,4/24/2026,4:22:33,1.23,7.01,9.21
stress-ng --cpu 4 --cpu-load 0 --quiet --timeout 60s,0,4/24/2026,4:22:34,1.46,7.01,9.21
stress-ng --cpu 4 --cpu-load 0 --quiet --timeout 60s,0,4/24/2026,4:22:35,0.98,7,9.38
stress-ng --cpu 4 --cpu-load 0 --quiet --timeout 60s,0,4/24/2026,4:22:36,1.23,7,9.1
stress-ng --cpu 4 --cpu-load 0 --quiet --timeout 60s,0,4/24/2026,4:22:37,1.22,7,9.1
stress-ng --cpu 4 --cpu-load 0 --quiet --timeout 60s,0,4/24/2026,4:22:38,1.47,7,9.97
stress-ng --cpu 4 --cpu-load 0 --quiet --timeout 60s,0,4/24/2026,4:22:39,1.22,7,9.54
stress-ng --cpu 4 --cpu-load 0 --quiet --timeout 60s,0,4/24/2026,4:22:40,0.98,7,9.54
stress-ng --cpu 4 --cpu-load 0 --quiet --timeout 60s,0,4/24/2026,4:22:41,1.71,7,9.5
stress-ng --cpu 4 --cpu-load 0 --quiet --timeout 60s,0,4/24/2026,4:22:42,1.46,7,9.13
stress-ng --cpu 4 --cpu-load 0 --quiet --timeout 60s,0,4/24/2026,4:22:43,0.98,7,9.13
stress-ng --cpu 4 --cpu-load 0 --quiet --timeout 60s,0,4/24/2026,4:22:44,0.98,7,9.41
stress-ng --cpu 4 --cpu-load 0 --quiet --timeout 60s,0,4/24/2026,4:22:45,1.71,7,9.45
stress-ng --cpu 4 --cpu-load 0 --quiet --timeout 60s,0,4/24/2026,4:22:46,1.22,7,9.45
stress-ng --cpu 4 --cpu-load 0 --quiet --timeout 60s,0,4/24/2026,4:22:47,1.22,7,9.62
stress-ng --cpu 4 --cpu-load 0 --quiet --timeout 60s,0,4/24/2026,4:22:48,1.46,7,9.61
stress-ng --cpu 4 --cpu-load 0 --quiet --timeout 60s,0,4/24/2026,4:22:49,1.47,7,9.61
stress-ng --cpu 4 --cpu-load 0 --quiet --timeout 60s,0,4/24/2026,4:22:50,1.22,7,9.15
stress-ng --cpu 4 --cpu-load 0 --quiet --timeout 60s,0,4/24/2026,4:22:51,0.98,7,9.33
stress-ng --cpu 4 --cpu-load 0 --quiet --timeout 60s,0,4/24/2026,4:22:52,1.46,7,9.33
stress-ng --cpu 4 --cpu-load 0 --quiet --timeout 60s,0,4/24/2026,4:22:53,1.23,7,9.53
stress-ng --cpu 4 --cpu-load 0 --quiet --timeout 60s,0,4/24/2026,4:22:54,1.22,7,9.22
stress-ng --cpu 4 --cpu-load 0 --quiet --timeout 60s,0,4/24/2026,4:22:55,1.47,7,9.22
stress-ng --cpu 4 --cpu-load 0 --quiet --timeout 60s,0,4/24/2026,4:22:56,1.225,7,9.19
stress-ng --cpu 4 --cpu-load 0 --quiet --timeout 60s,0,4/24/2026,4:22:57,0.98,7,9.47
stress-ng --cpu 4 --cpu-load 0 --quiet --timeout 60s,0,4/24/2026,4:22:58,1.47,7,9.47
stress-ng --cpu 4 --cpu-load 0 --quiet --timeout 60s,0,4/24/2026,4:22:59,1.22,7,9.49
stress-ng --cpu 4 --cpu-load 0 --quiet --timeout 60s,0,4/24/2026,4:23:00,1.47,7,9.37
stress-ng --cpu 4 --cpu-load 0 --quiet --timeout 60s,0,4/24/2026,4:23:01,1.23,7,9.37
stress-ng --cpu 4 --cpu-load 0 --quiet --timeout 60s,0,4/24/2026,4:23:02,0.98,7,9.45
stress-ng --cpu 4 --cpu-load 0 --quiet --timeout 60s,0,4/24/2026,4:23:03,1.47,7,9.28
stress-ng --cpu 4 --cpu-load 0 --quiet --timeout 60s,0,4/24/2026,4:23:04,1.22,7,9.28
stress-ng --cpu 4 --cpu-load 0 --quiet --timeout 60s,0,4/24/2026,4:23:05,1.72,7,9.18
stress-ng --cpu 4 --cpu-load 0 --quiet --timeout 60s,0,4/24/2026,4:23:06,1.47,7,9.32
stress-ng --cpu 4 --cpu-load 0 --quiet --timeout 60s,0,4/24/2026,4:23:07,1.22,7,9.32
stress-ng --cpu 4 --cpu-load 0 --quiet --timeout 60s,0,4/24/2026,4:23:08,1.22,7,9.66
stress-ng --cpu 4 --cpu-load 0 --quiet --timeout 60s,0,4/24/2026,4:23:09,1.23,7,9.32
stress-ng --cpu 4 --cpu-load 0 --quiet --timeout 60s,0,4/24/2026,4:23:10,1.47,7,9.81
stress-ng --cpu 4 --cpu-load 0 --quiet --timeout 60s,0,4/24/2026,4:23:11,1.71,7,9.61
stress-ng --cpu 4 --cpu-load 0 --quiet --timeout 60s,0,4/24/2026,4:23:12,1.47,7,9.61
stress-ng --cpu 4 --cpu-load 0 --quiet --timeout 60s,0,4/24/2026,4:23:13,2.94,6.97,9.37
stress-ng --cpu 4 --cpu-load 0 --quiet --timeout 60s,0,4/24/2026,12:52:33,1.22,7.54,9.29
stress-ng --cpu 4 --cpu-load 0 --quiet --timeout 60s,0,4/24/2026,12:52:34,1.96,7.6,9.27
stress-ng --cpu 4 --cpu-load 0 --quiet --timeout 60s,0,4/24/2026,12:52:35,1.47,7.59,9.68
stress-ng --cpu 4 --cpu-load 0 --quiet --timeout 60s,0,4/24/2026,12:52:36,1.47,7.58,9.68
stress-ng --cpu 4 --cpu-load 0 --quiet --timeout 60s,0,4/24/2026,12:52:37,1.71,7.57,9.99
stress-ng --cpu 4 --cpu-load 0 --quiet --timeout 60s,0,4/24/2026,12:52:38,1.22,7.57,9.19
stress-ng --cpu 4 --cpu-load 0 --quiet --timeout 60s,0,4/24/2026,12:52:39,1.47,7.57,9.19
stress-ng --cpu 4 --cpu-load 0 --quiet --timeout 60s,0,4/24/2026,12:52:40,1.71,7.56,9.32
stress-ng --cpu 4 --cpu-load 0 --quiet --timeout 60s,0,4/24/2026,12:52:41,1.23,7.56,9.62
stress-ng --cpu 4 --cpu-load 0 --quiet --timeout 60s,0,4/24/2026,12:52:42,1.47,7.56,9.62
stress-ng --cpu 4 --cpu-load 0 --quiet --timeout 60s,0,4/24/2026,12:52:43,1.47,7.56,9.41
stress-ng --cpu 4 --cpu-load 0 --quiet --timeout 60s,0,4/24/2026,12:52:44,1.23,7.56,9.37
stress-ng --cpu 4 --cpu-load 0 --quiet --timeout 60s,0,4/24/2026,12:52:45,1.46,7.56,9.37
stress-ng --cpu 4 --cpu-load 0 --quiet --timeout 60s,0,4/24/2026,12:52:46,1.22,7.56,10
stress-ng --cpu 4 --cpu-load 0 --quiet --timeout 60s,0,4/24/2026,12:52:47,1.22,7.56,9.42
stress-ng --cpu 4 --cpu-load 0 --quiet --timeout 60s,0,4/24/2026,12:52:48,1.47,7.56,9.42
stress-ng --cpu 4 --cpu-load 0 --quiet --timeout 60s,0,4/24/2026,12:52:49,0.98,7.56,9.58
stress-ng --cpu 4 --cpu-load 0 --quiet --timeout 60s,0,4/24/2026,12:52:50,1.22,7.56,9.29
stress-ng --cpu 4 --cpu-load 0 --quiet --timeout 60s,0,4/24/2026,12:52:51,1.46,7.56,9.29
stress-ng --cpu 4 --cpu-load 0 --quiet --timeout 60s,0,4/24/2026,12:52:52,1.22,7.56,9.29
stress-ng --cpu 4 --cpu-load 0 --quiet --timeout 60s,0,4/24/2026,12:52:53,1.22,7.56,9.69
stress-ng --cpu 4 --cpu-load 0 --quiet --timeout 60s,0,4/24/2026,12:52:54,1.47,7.56,9.15
stress-ng --cpu 4 --cpu-load 0 --quiet --timeout 60s,0,4/24/2026,12:52:55,1.22,7.56,9.15
stress-ng --cpu 4 --cpu-load 0 --quiet --timeout 60s,0,4/24/2026,12:52:56,0.98,7.56,9.15
stress-ng --cpu 4 --cpu-load 0 --quiet --timeout 60s,0,4/24/2026,12:52:57,1.46,7.56,9.64
stress-ng --cpu 4 --cpu-load 0 --quiet --timeout 60s,0,4/24/2026,12:52:58,1.22,7.56,9.64
stress-ng --cpu 4 --cpu-load 0 --quiet --timeout 60s,0,4/24/2026,12:52:59,1.22,7.56,9.09
stress-ng --cpu 4 --cpu-load 0 --quiet --timeout 60s,0,4/24/2026,12:53:00,1.47,7.56,9.03
stress-ng --cpu 4 --cpu-load 0 --quiet --timeout 60s,0,4/24/2026,12:53:01,1.47,7.56,9.03
stress-ng --cpu 4 --cpu-load 0 --quiet --timeout 60s,0,4/24/2026,12:53:02,1.22,7.56,9.68
stress-ng --cpu 4 --cpu-load 0 --quiet --timeout 60s,0,4/24/2026,12:53:03,1.22,7.56,9.07
stress-ng --cpu 4 --cpu-load 0 --quiet --timeout 60s,0,4/24/2026,12:53:04,1.345,7.56,9.07
stress-ng --cpu 4 --cpu-load 0 --quiet --timeout 60s,0,4/24/2026,12:53:05,1.47,7.56,9.52
stress-ng --cpu 4 --cpu-load 0 --quiet --timeout 60s,0,4/24/2026,12:53:06,1.47,7.56,9.46
stress-ng --cpu 4 --cpu-load 0 --quiet --timeout 60s,0,4/24/2026,12:53:07,1.22,7.56,9.46
stress-ng --cpu 4 --cpu-load 0 --quiet --timeout 60s,0,4/24/2026,12:53:08,1.47,7.56,9.61
stress-ng --cpu 4 --cpu-load 0 --quiet --timeout 60s,0,4/24/2026,12:53:09,0.99,7.56,8.89
stress-ng --cpu 4 --cpu-load 0 --quiet --timeout 60s,0,4/24/2026,12:53:10,1.24,7.56,8.89
stress-ng --cpu 4 --cpu-load 0 --quiet --timeout 60s,0,4/24/2026,12:53:11,0.99,7.56,9.28
stress-ng --cpu 4 --cpu-load 0 --quiet --timeout 60s,0,4/24/2026,12:53:12,0.99,7.56,9.37
stress-ng --cpu 4 --cpu-load 0 --quiet --timeout 60s,0,4/24/2026,12:53:13,0.74,7.56,9.37
stress-ng --cpu 4 --cpu-load 0 --quiet --timeout 60s,0,4/24/2026,12:53:14,0.99,7.56,10.08
stress-ng --cpu 4 --cpu-load 0 --quiet --timeout 60s,0,4/24/2026,12:53:15,1.49,7.56,10.08
stress-ng --cpu 4 --cpu-load 0 --quiet --timeout 60s,0,4/24/2026,12:53:16,1.47,7.56,10.08
stress-ng --cpu 4 --cpu-load 0 --quiet --timeout 60s,0,4/24/2026,12:53:17,1.47,7.56,9.55
stress-ng --cpu 4 --cpu-load 0 --quiet --timeout 60s,0,4/24/2026,12:53:18,1.22,7.56,9.13
stress-ng --cpu 4 --cpu-load 0 --quiet --timeout 60s,0,4/24/2026,12:53:19,1.22,7.56,9.13
stress-ng --cpu 4 --cpu-load 0 --quiet --timeout 60s,0,4/24/2026,12:53:20,1.22,7.56,9.58
stress-ng --cpu 4 --cpu-load 0 --quiet --timeout 60s,0,4/24/2026,12:53:21,1.22,7.56,9.27
stress-ng --cpu 4 --cpu-load 0 --quiet --timeout 60s,0,4/24/2026,12:53:22,1.22,7.56,9.27
stress-ng --cpu 4 --cpu-load 0 --quiet --timeout 60s,0,4/24/2026,12:53:23,1.23,7.56,9.28
stress-ng --cpu 4 --cpu-load 0 --quiet --timeout 60s,0,4/24/2026,12:53:24,1.71,7.56,9.03
stress-ng --cpu 4 --cpu-load 0 --quiet --timeout 60s,0,4/24/2026,12:53:25,0.98,7.56,9.03
stress-ng --cpu 4 --cpu-load 0 --quiet --timeout 60s,0,4/24/2026,12:53:26,1.23,7.56,9.66
stress-ng --cpu 4 --cpu-load 0 --quiet --timeout 60s,0,4/24/2026,12:53:27,1.22,7.56,9.29
stress-ng --cpu 4 --cpu-load 0 --quiet --timeout 60s,0,4/24/2026,12:53:28,0.98,7.56,9.29
stress-ng --cpu 4 --cpu-load 0 --quiet --timeout 60s,0,4/24/2026,12:53:29,1.46,7.56,9.39
stress-ng --cpu 4 --cpu-load 0 --quiet --timeout 60s,0,4/24/2026,12:53:30,1.47,7.56,9.36
stress-ng --cpu 4 --cpu-load 0 --quiet --timeout 60s,0,4/24/2026,12:53:31,0.98,7.56,9.36
stress-ng --cpu 4 --cpu-load 0 --quiet --timeout 60s,0,4/24/2026,12:53:32,1.22,7.57,9.04
stress-ng --cpu 4 --cpu-load 0 --quiet --timeout 60s,0,4/24/2026,12:53:33,1.22,7.57,9.15
,,,,,,8.89
