command,cpu_utilization,date,start_time,end_time
stress-ng --cpu 24 --cpu-load 25 --timeout 60s --quiet,18.75,5/14/2026,19:17:59,19:18:59
stress-ng --cpu 24 --cpu-load 59 --timeout 60s --quiet,44.25,5/14/2026,19:19:59,19:20:59
stress-ng --cpu 24 --cpu-load 43 --timeout 60s --quiet,32.25,5/14/2026,19:21:59,19:22:59
stress-ng --cpu 24 --cpu-load 6 --timeout 60s --quiet,4.5,5/14/2026,19:23:59,19:25:00
stress-ng --cpu 16 --cpu-load 68 --timeout 60s --quiet,34,5/14/2026,19:26:00,19:27:00
stress-ng --cpu 24 --cpu-load 99 --timeout 60s --quiet,74.25,5/14/2026,19:28:00,19:29:00
stress-ng --cpu 16 --cpu-load 70 --timeout 60s --quiet,35,5/14/2026,19:30:00,19:31:00
stress-ng --cpu 24 --cpu-load 10 --timeout 60s --quiet,7.5,5/14/2026,19:32:00,19:33:01
stress-ng --cpu 16 --cpu-load 78 --timeout 60s --quiet,39,5/14/2026,19:34:01,19:35:01
stress-ng --cpu 24 --cpu-load 84 --timeout 60s --quiet,63,5/14/2026,19:36:01,19:37:01
stress-ng --cpu 24 --cpu-load 78 --timeout 60s --quiet,58.5,5/14/2026,19:38:01,19:39:01
stress-ng --cpu 16 --cpu-load 2 --timeout 60s --quiet,1,5/14/2026,19:40:01,19:41:01
stress-ng --cpu 32 --cpu-load 95 --timeout 60s --quiet,95,5/14/2026,19:42:01,19:43:01
stress-ng --cpu 8 --cpu-load 36 --timeout 60s --quiet,9,5/14/2026,19:44:01,19:45:02
stress-ng --cpu 24 --cpu-load 13 --timeout 60s --quiet,9.75,5/14/2026,19:46:02,19:47:02
stress-ng --cpu 8 --cpu-load 8 --timeout 60s --quiet,2,5/14/2026,19:48:02,19:49:03
stress-ng --cpu 32 --cpu-load 58 --timeout 60s --quiet,58,5/14/2026,19:50:03,19:51:03
stress-ng --cpu 24 --cpu-load 33 --timeout 60s --quiet,24.75,5/14/2026,19:52:03,19:53:03
stress-ng --cpu 24 --cpu-load 56 --timeout 60s --quiet,42,5/14/2026,19:54:03,19:55:04
stress-ng --cpu 24 --cpu-load 2 --timeout 60s --quiet,1.5,5/14/2026,19:56:04,19:57:05
stress-ng --cpu 24 --cpu-load 96 --timeout 60s --quiet,72,5/14/2026,19:58:05,19:59:05
stress-ng --cpu 24 --cpu-load 95 --timeout 60s --quiet,71.25,5/14/2026,20:00:05,20:01:05
stress-ng --cpu 32 --cpu-load 49 --timeout 60s --quiet,49,5/14/2026,20:02:05,20:03:05
stress-ng --cpu 16 --cpu-load 74 --timeout 60s --quiet,37,5/14/2026,20:04:05,20:05:05
stress-ng --cpu 32 --cpu-load 72 --timeout 60s --quiet,72,5/14/2026,20:06:05,20:07:06
stress-ng --cpu 24 --cpu-load 9 --timeout 60s --quiet,6.75,5/14/2026,20:08:06,20:09:06
stress-ng --cpu 16 --cpu-load 84 --timeout 60s --quiet,42,5/14/2026,20:10:06,20:11:06
stress-ng --cpu 16 --cpu-load 6 --timeout 60s --quiet,3,5/14/2026,20:12:06,20:13:06
stress-ng --cpu 16 --cpu-load 30 --timeout 60s --quiet,15,5/14/2026,20:14:06,20:15:06
stress-ng --cpu 32 --cpu-load 48 --timeout 60s --quiet,48,5/14/2026,20:16:06,20:17:07
stress-ng --cpu 24 --cpu-load 44 --timeout 60s --quiet,33,5/14/2026,20:18:07,20:19:07
stress-ng --cpu 24 --cpu-load 22 --timeout 60s --quiet,16.5,5/14/2026,20:20:07,20:21:07
stress-ng --cpu 32 --cpu-load 69 --timeout 60s --quiet,69,5/14/2026,20:22:07,20:23:07
stress-ng --cpu 8 --cpu-load 92 --timeout 60s --quiet,23,5/14/2026,20:24:07,20:25:08
stress-ng --cpu 24 --cpu-load 92 --timeout 60s --quiet,69,5/14/2026,20:26:08,20:27:08
stress-ng --cpu 32 --cpu-load 46 --timeout 60s --quiet,46,5/14/2026,20:28:08,20:29:08
stress-ng --cpu 24 --cpu-load 41 --timeout 60s --quiet,30.75,5/14/2026,20:30:08,20:31:08
stress-ng --cpu 32 --cpu-load 87 --timeout 60s --quiet,87,5/14/2026,20:32:08,20:33:08
stress-ng --cpu 24 --cpu-load 38 --timeout 60s --quiet,28.5,5/14/2026,20:34:08,20:35:09
stress-ng --cpu 24 --cpu-load 27 --timeout 60s --quiet,20.25,5/14/2026,20:36:09,20:37:09
stress-ng --cpu 32 --cpu-load 74 --timeout 60s --quiet,74,5/14/2026,20:38:09,20:39:09
stress-ng --cpu 32 --cpu-load 29 --timeout 60s --quiet,29,5/14/2026,20:40:09,20:41:10
stress-ng --cpu 24 --cpu-load 71 --timeout 60s --quiet,53.25,5/14/2026,20:42:10,20:43:10
stress-ng --cpu 32 --cpu-load 27 --timeout 60s --quiet,27,5/14/2026,20:44:10,20:45:10
stress-ng --cpu 32 --cpu-load 62 --timeout 60s --quiet,62,5/14/2026,20:46:10,20:47:10
stress-ng --cpu 8 --cpu-load 28 --timeout 60s --quiet,7,5/14/2026,20:48:10,20:49:11
stress-ng --cpu 16 --cpu-load 52 --timeout 60s --quiet,26,5/14/2026,20:50:11,20:51:11
stress-ng --cpu 32 --cpu-load 30 --timeout 60s --quiet,30,5/14/2026,20:52:11,20:53:11
stress-ng --cpu 32 --cpu-load 65 --timeout 60s --quiet,65,5/14/2026,20:54:11,20:55:11
stress-ng --cpu 24 --cpu-load 90 --timeout 60s --quiet,67.5,5/14/2026,20:56:11,20:57:12
stress-ng --cpu 16 --cpu-load 72 --timeout 60s --quiet,36,5/14/2026,20:58:12,20:59:12
stress-ng --cpu 16 --cpu-load 98 --timeout 60s --quiet,49,5/14/2026,21:00:12,21:01:12
stress-ng --cpu 32 --cpu-load 83 --timeout 60s --quiet,83,5/14/2026,21:02:12,21:03:12
stress-ng --cpu 16 --cpu-load 90 --timeout 60s --quiet,45,5/14/2026,21:04:12,21:05:12
stress-ng --cpu 32 --cpu-load 90 --timeout 60s --quiet,90,5/14/2026,21:06:12,21:07:12
stress-ng --cpu 24 --cpu-load 3 --timeout 60s --quiet,2.25,5/14/2026,21:08:12,21:09:13
stress-ng --cpu 16 --cpu-load 80 --timeout 60s --quiet,40,5/14/2026,21:10:13,21:11:14
stress-ng --cpu 32 --cpu-load 78 --timeout 60s --quiet,78,5/14/2026,21:12:14,21:13:14
stress-ng --cpu 32 --cpu-load 51 --timeout 60s --quiet,51,5/14/2026,21:14:14,21:15:14
stress-ng --cpu 32 --cpu-load 15 --timeout 60s --quiet,15,5/14/2026,21:16:14,21:17:14
stress-ng --cpu 32 --cpu-load 25 --timeout 60s --quiet,25,5/14/2026,21:18:14,21:19:15
stress-ng --cpu 32 --cpu-load 100 --timeout 60s --quiet,100,5/14/2026,21:20:15,21:21:15
stress-ng --cpu 32 --cpu-load 84 --timeout 60s --quiet,84,5/14/2026,21:22:15,21:23:15
stress-ng --cpu 24 --cpu-load 31 --timeout 60s --quiet,23.25,5/14/2026,21:24:15,21:25:15
stress-ng --cpu 32 --cpu-load 0 --timeout 60s --quiet,0,5/14/2026,21:26:15,21:27:15
stress-ng --cpu 32 --cpu-load 14 --timeout 60s --quiet,14,5/14/2026,21:28:15,21:29:16
stress-ng --cpu 16 --cpu-load 20 --timeout 60s --quiet,10,5/14/2026,21:30:16,21:31:17
stress-ng --cpu 16 --cpu-load 8 --timeout 60s --quiet,4,5/14/2026,21:32:17,21:33:18
stress-ng --cpu 24 --cpu-load 8 --timeout 60s --quiet,6,5/14/2026,21:34:18,21:35:18
stress-ng --cpu 32 --cpu-load 23 --timeout 60s --quiet,23,5/14/2026,21:36:18,21:37:18
stress-ng --cpu 16 --cpu-load 14 --timeout 60s --quiet,7,5/14/2026,21:38:18,21:39:19
stress-ng --cpu 16 --cpu-load 26 --timeout 60s --quiet,13,5/14/2026,21:40:19,21:41:19
stress-ng --cpu 8 --cpu-load 4 --timeout 60s --quiet,1,5/14/2026,21:42:19,21:43:20
stress-ng --cpu 32 --cpu-load 82 --timeout 60s --quiet,82,5/14/2026,21:44:20,21:45:20
stress-ng --cpu 32 --cpu-load 47 --timeout 60s --quiet,47,5/14/2026,21:46:20,21:47:20
stress-ng --cpu 8 --cpu-load 96 --timeout 60s --quiet,24,5/14/2026,21:48:20,21:49:21
stress-ng --cpu 24 --cpu-load 35 --timeout 60s --quiet,26.25,5/14/2026,21:50:21,21:51:21
stress-ng --cpu 32 --cpu-load 53 --timeout 60s --quiet,53,5/14/2026,21:52:21,21:53:21
stress-ng --cpu 32 --cpu-load 50 --timeout 60s --quiet,50,5/14/2026,21:54:21,21:55:21
stress-ng --cpu 24 --cpu-load 24 --timeout 60s --quiet,18,5/14/2026,21:56:21,21:57:22
stress-ng --cpu 8 --cpu-load 76 --timeout 60s --quiet,19,5/14/2026,21:58:22,21:59:22
stress-ng --cpu 32 --cpu-load 97 --timeout 60s --quiet,97,5/14/2026,22:00:22,22:01:22
stress-ng --cpu 32 --cpu-load 56 --timeout 60s --quiet,56,5/14/2026,22:02:22,22:03:22
stress-ng --cpu 24 --cpu-load 48 --timeout 60s --quiet,36,5/14/2026,22:04:22,22:05:22
stress-ng --cpu 32 --cpu-load 24 --timeout 60s --quiet,24,5/14/2026,22:06:22,22:07:23
stress-ng --cpu 32 --cpu-load 31 --timeout 60s --quiet,31,5/14/2026,22:08:23,22:09:23
stress-ng --cpu 32 --cpu-load 7 --timeout 60s --quiet,7,5/14/2026,22:10:23,22:11:24
stress-ng --cpu 8 --cpu-load 80 --timeout 60s --quiet,20,5/14/2026,22:12:24,22:13:24
stress-ng --cpu 32 --cpu-load 36 --timeout 60s --quiet,36,5/14/2026,22:14:24,22:15:25
stress-ng --cpu 8 --cpu-load 48 --timeout 60s --quiet,12,5/14/2026,22:16:25,22:17:25
stress-ng --cpu 24 --cpu-load 1 --timeout 60s --quiet,0.75,5/14/2026,22:18:25,22:19:25
stress-ng --cpu 8 --cpu-load 60 --timeout 60s --quiet,15,5/14/2026,22:20:25,22:21:25
stress-ng --cpu 32 --cpu-load 52 --timeout 60s --quiet,52,5/14/2026,22:22:25,22:23:25
stress-ng --cpu 32 --cpu-load 91 --timeout 60s --quiet,91,5/14/2026,22:24:25,22:25:25
stress-ng --cpu 16 --cpu-load 12 --timeout 60s --quiet,6,5/14/2026,22:26:25,22:27:26
stress-ng --cpu 24 --cpu-load 64 --timeout 60s --quiet,48,5/14/2026,22:28:26,22:29:26
stress-ng --cpu 16 --cpu-load 100 --timeout 60s --quiet,50,5/14/2026,22:30:26,22:31:26
stress-ng --cpu 32 --cpu-load 59 --timeout 60s --quiet,59,5/14/2026,22:32:26,22:33:26
stress-ng --cpu 24 --cpu-load 100 --timeout 60s --quiet,75,5/14/2026,22:34:26,22:35:27
stress-ng --cpu 24 --cpu-load 30 --timeout 60s --quiet,22.5,5/14/2026,22:36:27,22:37:27
stress-ng --cpu 16 --cpu-load 60 --timeout 60s --quiet,30,5/14/2026,22:38:27,22:39:27
stress-ng --cpu 16 --cpu-load 32 --timeout 60s --quiet,16,5/14/2026,22:40:27,22:41:27
stress-ng --cpu 24 --cpu-load 46 --timeout 60s --quiet,34.5,5/14/2026,22:42:27,22:43:28
stress-ng --cpu 24 --cpu-load 23 --timeout 60s --quiet,17.25,5/14/2026,22:44:28,22:45:28
stress-ng --cpu 16 --cpu-load 48 --timeout 60s --quiet,24,5/14/2026,22:46:28,22:47:28
stress-ng --cpu 32 --cpu-load 9 --timeout 60s --quiet,9,5/14/2026,22:48:28,22:49:29
stress-ng --cpu 32 --cpu-load 34 --timeout 60s --quiet,34,5/14/2026,22:50:29,22:51:29
stress-ng --cpu 24 --cpu-load 68 --timeout 60s --quiet,51,5/14/2026,22:52:29,22:53:29
stress-ng --cpu 8 --cpu-load 68 --timeout 60s --quiet,17,5/14/2026,22:54:29,22:55:29
stress-ng --cpu 16 --cpu-load 34 --timeout 60s --quiet,17,5/14/2026,22:56:29,22:57:30
stress-ng --cpu 16 --cpu-load 10 --timeout 60s --quiet,5,5/14/2026,22:58:30,22:59:30
stress-ng --cpu 32 --cpu-load 77 --timeout 60s --quiet,77,5/14/2026,23:00:30,23:01:30
stress-ng --cpu 24 --cpu-load 82 --timeout 60s --quiet,61.5,5/14/2026,23:02:30,23:03:30
stress-ng --cpu 16 --cpu-load 24 --timeout 60s --quiet,12,5/14/2026,23:04:30,23:05:30
stress-ng --cpu 32 --cpu-load 55 --timeout 60s --quiet,55,5/14/2026,23:06:30,23:07:31
stress-ng --cpu 32 --cpu-load 54 --timeout 60s --quiet,54,5/14/2026,23:08:31,23:09:31
stress-ng --cpu 8 --cpu-load 100 --timeout 60s --quiet,25,5/14/2026,23:10:31,23:11:31
stress-ng --cpu 32 --cpu-load 8 --timeout 60s --quiet,8,5/14/2026,23:12:31,23:13:31
stress-ng --cpu 32 --cpu-load 22 --timeout 60s --quiet,22,5/14/2026,23:14:31,23:15:32
stress-ng --cpu 16 --cpu-load 38 --timeout 60s --quiet,19,5/14/2026,23:16:32,23:17:32
stress-ng --cpu 24 --cpu-load 62 --timeout 60s --quiet,46.5,5/14/2026,23:18:32,23:19:32
stress-ng --cpu 32 --cpu-load 42 --timeout 60s --quiet,42,5/14/2026,23:20:32,23:21:33
stress-ng --cpu 24 --cpu-load 87 --timeout 60s --quiet,65.25,5/14/2026,23:22:33,23:23:33
stress-ng --cpu 32 --cpu-load 64 --timeout 60s --quiet,64,5/14/2026,23:24:33,23:25:33
stress-ng --cpu 24 --cpu-load 65 --timeout 60s --quiet,48.75,5/14/2026,23:26:33,23:27:33
stress-ng --cpu 24 --cpu-load 36 --timeout 60s --quiet,27,5/14/2026,23:28:33,23:29:33
stress-ng --cpu 16 --cpu-load 50 --timeout 60s --quiet,25,5/14/2026,23:30:33,23:31:34
stress-ng --cpu 24 --cpu-load 14 --timeout 60s --quiet,10.5,5/14/2026,23:32:34,23:33:34
stress-ng --cpu 24 --cpu-load 86 --timeout 60s --quiet,64.5,5/14/2026,23:34:34,23:35:34
stress-ng --cpu 32 --cpu-load 68 --timeout 60s --quiet,68,5/14/2026,23:36:34,23:37:34
stress-ng --cpu 32 --cpu-load 26 --timeout 60s --quiet,26,5/14/2026,23:38:34,23:39:34
stress-ng --cpu 24 --cpu-load 77 --timeout 60s --quiet,57.75,5/14/2026,23:40:34,23:41:34
stress-ng --cpu 16 --cpu-load 96 --timeout 60s --quiet,48,5/14/2026,23:42:35,23:43:35
stress-ng --cpu 32 --cpu-load 5 --timeout 60s --quiet,5,5/14/2026,23:44:35,23:45:36
stress-ng --cpu 32 --cpu-load 39 --timeout 60s --quiet,39,5/14/2026,23:46:36,23:47:36
stress-ng --cpu 16 --cpu-load 64 --timeout 60s --quiet,32,5/14/2026,23:48:36,23:49:36
stress-ng --cpu 24 --cpu-load 93 --timeout 60s --quiet,69.75,5/14/2026,23:50:36,23:51:36
stress-ng --cpu 32 --cpu-load 73 --timeout 60s --quiet,73,5/14/2026,23:52:36,23:53:37
stress-ng --cpu 24 --cpu-load 94 --timeout 60s --quiet,70.5,5/14/2026,23:54:37,23:55:37
stress-ng --cpu 32 --cpu-load 41 --timeout 60s --quiet,41,5/14/2026,23:56:37,23:57:37
stress-ng --cpu 24 --cpu-load 19 --timeout 60s --quiet,14.25,5/14/2026,23:58:37,23:59:37
stress-ng --cpu 32 --cpu-load 89 --timeout 60s --quiet,89,5/15/2026,0:00:38,0:01:38
stress-ng --cpu 32 --cpu-load 2 --timeout 60s --quiet,2,5/15/2026,0:02:38,0:03:38
stress-ng --cpu 8 --cpu-load 52 --timeout 60s --quiet,13,5/15/2026,0:04:38,0:05:38
stress-ng --cpu 16 --cpu-load 28 --timeout 60s --quiet,14,5/15/2026,0:06:38,0:07:38
stress-ng --cpu 24 --cpu-load 52 --timeout 60s --quiet,39,5/15/2026,0:08:38,0:09:38
stress-ng --cpu 32 --cpu-load 80 --timeout 60s --quiet,80,5/15/2026,0:10:38,0:11:39
stress-ng --cpu 24 --cpu-load 61 --timeout 60s --quiet,45.75,5/15/2026,0:12:39,0:13:39
stress-ng --cpu 32 --cpu-load 94 --timeout 60s --quiet,94,5/15/2026,0:14:39,0:15:39
stress-ng --cpu 32 --cpu-load 45 --timeout 60s --quiet,45,5/15/2026,0:16:39,0:17:39
stress-ng --cpu 16 --cpu-load 16 --timeout 60s --quiet,8,5/15/2026,0:18:39,0:19:40
stress-ng --cpu 32 --cpu-load 57 --timeout 60s --quiet,57,5/15/2026,0:20:40,0:21:40
stress-ng --cpu 24 --cpu-load 70 --timeout 60s --quiet,52.5,5/15/2026,0:22:40,0:23:40
stress-ng --cpu 32 --cpu-load 76 --timeout 60s --quiet,76,5/15/2026,0:24:40,0:25:40
stress-ng --cpu 24 --cpu-load 51 --timeout 60s --quiet,38.25,5/15/2026,0:26:40,0:27:40
stress-ng --cpu 8 --cpu-load 88 --timeout 60s --quiet,22,5/15/2026,0:28:40,0:29:41
stress-ng --cpu 24 --cpu-load 54 --timeout 60s --quiet,40.5,5/15/2026,0:30:41,0:31:41
stress-ng --cpu 32 --cpu-load 86 --timeout 60s --quiet,86,5/15/2026,0:32:41,0:33:41
stress-ng --cpu 24 --cpu-load 39 --timeout 60s --quiet,29.25,5/15/2026,0:34:41,0:35:41
stress-ng --cpu 24 --cpu-load 75 --timeout 60s --quiet,56.25,5/15/2026,0:36:41,0:37:41
stress-ng --cpu 16 --cpu-load 88 --timeout 60s --quiet,44,5/15/2026,0:38:41,0:39:42
stress-ng --cpu 32 --cpu-load 32 --timeout 60s --quiet,32,5/15/2026,0:40:42,0:41:42
stress-ng --cpu 8 --cpu-load 16 --timeout 60s --quiet,4,5/15/2026,0:42:42,0:43:42
stress-ng --cpu 24 --cpu-load 60 --timeout 60s --quiet,45,5/15/2026,0:44:42,0:45:42
stress-ng --cpu 24 --cpu-load 66 --timeout 60s --quiet,49.5,5/15/2026,0:46:42,0:47:42
stress-ng --cpu 24 --cpu-load 73 --timeout 60s --quiet,54.75,5/15/2026,0:48:42,0:49:42
stress-ng --cpu 16 --cpu-load 44 --timeout 60s --quiet,22,5/15/2026,0:50:43,0:51:43
stress-ng --cpu 32 --cpu-load 16 --timeout 60s --quiet,16,5/15/2026,0:52:43,0:53:43
stress-ng --cpu 32 --cpu-load 4 --timeout 60s --quiet,4,5/15/2026,0:54:43,0:55:43
stress-ng --cpu 32 --cpu-load 92 --timeout 60s --quiet,92,5/15/2026,0:56:43,0:57:44
stress-ng --cpu 24 --cpu-load 45 --timeout 60s --quiet,33.75,5/15/2026,0:58:44,0:59:44
stress-ng --cpu 24 --cpu-load 88 --timeout 60s --quiet,66,5/15/2026,1:00:44,1:01:44
stress-ng --cpu 24 --cpu-load 47 --timeout 60s --quiet,35.25,5/15/2026,1:02:44,1:03:44
stress-ng --cpu 32 --cpu-load 37 --timeout 60s --quiet,37,5/15/2026,1:04:44,1:05:45
stress-ng --cpu 24 --cpu-load 17 --timeout 60s --quiet,12.75,5/15/2026,1:06:45,1:07:45
stress-ng --cpu 32 --cpu-load 13 --timeout 60s --quiet,13,5/15/2026,1:08:45,1:09:46
stress-ng --cpu 16 --cpu-load 62 --timeout 60s --quiet,31,5/15/2026,1:10:46,1:11:46
stress-ng --cpu 24 --cpu-load 63 --timeout 60s --quiet,47.25,5/15/2026,1:12:46,1:13:46
stress-ng --cpu 32 --cpu-load 28 --timeout 60s --quiet,28,5/15/2026,1:14:46,1:15:47
stress-ng --cpu 32 --cpu-load 99 --timeout 60s --quiet,99,5/15/2026,1:16:47,1:17:47
stress-ng --cpu 16 --cpu-load 58 --timeout 60s --quiet,29,5/15/2026,1:18:47,1:19:47
stress-ng --cpu 16 --cpu-load 56 --timeout 60s --quiet,28,5/15/2026,1:20:47,1:21:47
stress-ng --cpu 24 --cpu-load 29 --timeout 60s --quiet,21.75,5/15/2026,1:22:47,1:23:47
stress-ng --cpu 24 --cpu-load 91 --timeout 60s --quiet,68.25,5/15/2026,1:24:47,1:25:48
stress-ng --cpu 32 --cpu-load 61 --timeout 60s --quiet,61,5/15/2026,1:26:48,1:27:48
stress-ng --cpu 24 --cpu-load 57 --timeout 60s --quiet,42.75,5/15/2026,1:28:48,1:29:48
stress-ng --cpu 8 --cpu-load 40 --timeout 60s --quiet,10,5/15/2026,1:30:48,1:31:48
stress-ng --cpu 24 --cpu-load 34 --timeout 60s --quiet,25.5,5/15/2026,1:32:48,1:33:48
stress-ng --cpu 24 --cpu-load 28 --timeout 60s --quiet,21,5/15/2026,1:34:48,1:35:49
stress-ng --cpu 24 --cpu-load 49 --timeout 60s --quiet,36.75,5/15/2026,1:36:49,1:37:49
stress-ng --cpu 24 --cpu-load 21 --timeout 60s --quiet,15.75,5/15/2026,1:38:49,1:39:49
stress-ng --cpu 32 --cpu-load 67 --timeout 60s --quiet,67,5/15/2026,1:40:49,1:41:50
stress-ng --cpu 32 --cpu-load 79 --timeout 60s --quiet,79,5/15/2026,1:42:50,1:43:50
stress-ng --cpu 32 --cpu-load 20 --timeout 60s --quiet,20,5/15/2026,1:44:50,1:45:50
stress-ng --cpu 32 --cpu-load 18 --timeout 60s --quiet,18,5/15/2026,1:46:50,1:47:51
stress-ng --cpu 32 --cpu-load 21 --timeout 60s --quiet,21,5/15/2026,1:48:51,1:49:51
stress-ng --cpu 16 --cpu-load 76 --timeout 60s --quiet,38,5/15/2026,1:50:51,1:51:51
stress-ng --cpu 24 --cpu-load 26 --timeout 60s --quiet,19.5,5/15/2026,1:52:51,1:53:52
stress-ng --cpu 24 --cpu-load 0 --timeout 60s --quiet,0,5/15/2026,1:54:52,1:55:52
stress-ng --cpu 16 --cpu-load 0 --timeout 60s --quiet,0,5/15/2026,1:56:52,1:57:52
stress-ng --cpu 24 --cpu-load 97 --timeout 60s --quiet,72.75,5/15/2026,1:58:52,1:59:52
stress-ng --cpu 16 --cpu-load 66 --timeout 60s --quiet,33,5/15/2026,2:00:52,2:01:52
stress-ng --cpu 8 --cpu-load 12 --timeout 60s --quiet,3,5/15/2026,2:02:52,2:03:53
stress-ng --cpu 32 --cpu-load 43 --timeout 60s --quiet,43,5/15/2026,2:04:53,2:05:53
stress-ng --cpu 32 --cpu-load 44 --timeout 60s --quiet,44,5/15/2026,2:06:53,2:07:53
stress-ng --cpu 16 --cpu-load 92 --timeout 60s --quiet,46,5/15/2026,2:08:53,2:09:54
stress-ng --cpu 24 --cpu-load 58 --timeout 60s --quiet,43.5,5/15/2026,2:10:54,2:11:54
stress-ng --cpu 32 --cpu-load 1 --timeout 60s --quiet,1,5/15/2026,2:12:54,2:13:54
stress-ng --cpu 32 --cpu-load 98 --timeout 60s --quiet,98,5/15/2026,2:14:54,2:15:54
stress-ng --cpu 24 --cpu-load 50 --timeout 60s --quiet,37.5,5/15/2026,2:16:54,2:17:54
stress-ng --cpu 32 --cpu-load 35 --timeout 60s --quiet,35,5/15/2026,2:18:54,2:19:54
stress-ng --cpu 32 --cpu-load 11 --timeout 60s --quiet,11,5/15/2026,2:20:54,2:21:56
stress-ng --cpu 24 --cpu-load 11 --timeout 60s --quiet,8.25,5/15/2026,2:22:56,2:23:56
stress-ng --cpu 24 --cpu-load 79 --timeout 60s --quiet,59.25,5/15/2026,2:24:56,2:25:56
stress-ng --cpu 8 --cpu-load 44 --timeout 60s --quiet,11,5/15/2026,2:26:56,2:27:57
stress-ng --cpu 32 --cpu-load 66 --timeout 60s --quiet,66,5/15/2026,2:28:57,2:29:57
stress-ng --cpu 32 --cpu-load 60 --timeout 60s --quiet,60,5/15/2026,2:30:57,2:31:57
stress-ng --cpu 24 --cpu-load 16 --timeout 60s --quiet,12,5/15/2026,2:32:57,2:33:58
stress-ng --cpu 24 --cpu-load 18 --timeout 60s --quiet,13.5,5/15/2026,2:34:58,2:35:58
stress-ng --cpu 24 --cpu-load 85 --timeout 60s --quiet,63.75,5/15/2026,2:36:58,2:37:58
stress-ng --cpu 24 --cpu-load 53 --timeout 60s --quiet,39.75,5/15/2026,2:38:58,2:39:58
stress-ng --cpu 16 --cpu-load 18 --timeout 60s --quiet,9,5/15/2026,2:40:58,2:41:59
stress-ng --cpu 24 --cpu-load 74 --timeout 60s --quiet,55.5,5/15/2026,2:42:59,2:43:59
stress-ng --cpu 8 --cpu-load 24 --timeout 60s --quiet,6,5/15/2026,2:44:59,2:45:59
stress-ng --cpu 32 --cpu-load 10 --timeout 60s --quiet,10,5/15/2026,2:46:59,2:48:00
stress-ng --cpu 32 --cpu-load 3 --timeout 60s --quiet,3,5/15/2026,2:49:00,2:50:01
stress-ng --cpu 16 --cpu-load 86 --timeout 60s --quiet,43,5/15/2026,2:51:01,2:52:01
stress-ng --cpu 24 --cpu-load 89 --timeout 60s --quiet,66.75,5/15/2026,2:53:01,2:54:01
stress-ng --cpu 24 --cpu-load 83 --timeout 60s --quiet,62.25,5/15/2026,2:55:01,2:56:01
stress-ng --cpu 32 --cpu-load 63 --timeout 60s --quiet,63,5/15/2026,2:57:01,2:58:01
stress-ng --cpu 24 --cpu-load 81 --timeout 60s --quiet,60.75,5/15/2026,2:59:01,3:00:01
stress-ng --cpu 24 --cpu-load 67 --timeout 60s --quiet,50.25,5/15/2026,3:01:01,3:02:02
stress-ng --cpu 16 --cpu-load 54 --timeout 60s --quiet,27,5/15/2026,3:03:02,3:04:02
stress-ng --cpu 32 --cpu-load 71 --timeout 60s --quiet,71,5/15/2026,3:05:02,3:06:02
stress-ng --cpu 32 --cpu-load 85 --timeout 60s --quiet,85,5/15/2026,3:07:02,3:08:02
stress-ng --cpu 16 --cpu-load 42 --timeout 60s --quiet,21,5/15/2026,3:09:02,3:10:02
stress-ng --cpu 32 --cpu-load 93 --timeout 60s --quiet,93,5/15/2026,3:11:02,3:12:02
stress-ng --cpu 32 --cpu-load 38 --timeout 60s --quiet,38,5/15/2026,3:13:02,3:14:03
stress-ng --cpu 24 --cpu-load 76 --timeout 60s --quiet,57,5/15/2026,3:15:03,3:16:03
stress-ng --cpu 16 --cpu-load 46 --timeout 60s --quiet,23,5/15/2026,3:17:03,3:18:03
stress-ng --cpu 24 --cpu-load 4 --timeout 60s --quiet,3,5/15/2026,3:19:03,3:20:04
stress-ng --cpu 8 --cpu-load 0 --timeout 60s --quiet,0,5/15/2026,3:21:04,3:22:04
stress-ng --cpu 24 --cpu-load 15 --timeout 60s --quiet,11.25,5/15/2026,3:23:04,3:24:05
stress-ng --cpu 32 --cpu-load 40 --timeout 60s --quiet,40,5/15/2026,3:25:05,3:26:05
stress-ng --cpu 24 --cpu-load 7 --timeout 60s --quiet,5.25,5/15/2026,3:27:05,3:28:05
stress-ng --cpu 32 --cpu-load 33 --timeout 60s --quiet,33,5/15/2026,3:29:05,3:30:06
stress-ng --cpu 24 --cpu-load 37 --timeout 60s --quiet,27.75,5/15/2026,3:31:06,3:32:06
stress-ng --cpu 32 --cpu-load 19 --timeout 60s --quiet,19,5/15/2026,3:33:06,3:34:07
stress-ng --cpu 16 --cpu-load 4 --timeout 60s --quiet,2,5/15/2026,3:35:07,3:36:07
stress-ng --cpu 24 --cpu-load 42 --timeout 60s --quiet,31.5,5/15/2026,3:37:07,3:38:07
stress-ng --cpu 32 --cpu-load 75 --timeout 60s --quiet,75,5/15/2026,3:39:07,3:40:07
stress-ng --cpu 32 --cpu-load 96 --timeout 60s --quiet,96,5/15/2026,3:41:07,3:42:07
stress-ng --cpu 8 --cpu-load 56 --timeout 60s --quiet,14,5/15/2026,3:43:07,3:44:07
stress-ng --cpu 24 --cpu-load 98 --timeout 60s --quiet,73.5,5/15/2026,3:45:07,3:46:08
stress-ng --cpu 16 --cpu-load 36 --timeout 60s --quiet,18,5/15/2026,3:47:08,3:48:08
stress-ng --cpu 32 --cpu-load 6 --timeout 60s --quiet,6,5/15/2026,3:49:08,3:50:08
stress-ng --cpu 16 --cpu-load 40 --timeout 60s --quiet,20,5/15/2026,3:51:08,3:52:08
stress-ng --cpu 24 --cpu-load 5 --timeout 60s --quiet,3.75,5/15/2026,3:53:08,3:54:09
stress-ng --cpu 8 --cpu-load 32 --timeout 60s --quiet,8,5/15/2026,3:55:09,3:56:10
stress-ng --cpu 32 --cpu-load 12 --timeout 60s --quiet,12,5/15/2026,3:57:10,3:58:10
stress-ng --cpu 24 --cpu-load 20 --timeout 60s --quiet,15,5/15/2026,3:59:10,4:00:10
stress-ng --cpu 16 --cpu-load 82 --timeout 60s --quiet,41,5/15/2026,4:01:11,4:02:11
stress-ng --cpu 8 --cpu-load 64 --timeout 60s --quiet,16,5/15/2026,4:03:11,4:04:11
stress-ng --cpu 8 --cpu-load 72 --timeout 60s --quiet,18,5/15/2026,4:05:11,4:06:11
stress-ng --cpu 8 --cpu-load 84 --timeout 60s --quiet,21,5/15/2026,4:07:11,4:08:11
stress-ng --cpu 24 --cpu-load 72 --timeout 60s --quiet,54,5/15/2026,4:09:11,4:10:11
stress-ng --cpu 24 --cpu-load 55 --timeout 60s --quiet,41.25,5/15/2026,4:11:11,4:12:11
stress-ng --cpu 32 --cpu-load 70 --timeout 60s --quiet,70,5/15/2026,4:13:11,4:14:12
stress-ng --cpu 32 --cpu-load 81 --timeout 60s --quiet,81,5/15/2026,4:15:12,4:16:12
stress-ng --cpu 24 --cpu-load 80 --timeout 60s --quiet,60,5/15/2026,4:17:12,4:18:12
stress-ng --cpu 16 --cpu-load 94 --timeout 60s --quiet,47,5/15/2026,4:19:12,4:20:12
stress-ng --cpu 8 --cpu-load 20 --timeout 60s --quiet,5,5/15/2026,4:21:12,4:22:12
stress-ng --cpu 24 --cpu-load 12 --timeout 60s --quiet,9,5/15/2026,4:23:12,4:24:13
stress-ng --cpu 32 --cpu-load 17 --timeout 60s --quiet,17,5/15/2026,4:25:13,4:26:13
stress-ng --cpu 24 --cpu-load 32 --timeout 60s --quiet,24,5/15/2026,4:27:13,4:28:13
stress-ng --cpu 16 --cpu-load 22 --timeout 60s --quiet,11,5/15/2026,4:29:13,4:30:14
stress-ng --cpu 32 --cpu-load 88 --timeout 60s --quiet,88,5/15/2026,4:31:14,4:32:14
stress-ng --cpu 24 --cpu-load 40 --timeout 60s --quiet,30,5/15/2026,4:33:14,4:34:14
stress-ng --cpu 24 --cpu-load 69 --timeout 60s --quiet,51.75,5/15/2026,4:35:14,4:36:14
stress-ng --cpu 32 --cpu-load 78 --timeout 60s --quiet,78,5/15/2026,4:37:14,4:38:14
stress-ng --cpu 32 --cpu-load 64 --timeout 60s --quiet,64,5/15/2026,4:39:14,4:40:15
stress-ng --cpu 16 --cpu-load 54 --timeout 60s --quiet,27,5/15/2026,4:41:15,4:42:15
stress-ng --cpu 24 --cpu-load 48 --timeout 60s --quiet,36,5/15/2026,4:43:15,4:44:15
stress-ng --cpu 16 --cpu-load 62 --timeout 60s --quiet,31,5/15/2026,4:45:15,4:46:15
stress-ng --cpu 8 --cpu-load 24 --timeout 60s --quiet,6,5/15/2026,4:47:15,4:48:15
stress-ng --cpu 24 --cpu-load 78 --timeout 60s --quiet,58.5,5/15/2026,4:49:15,4:50:16
stress-ng --cpu 32 --cpu-load 17 --timeout 60s --quiet,17,5/15/2026,4:51:16,4:52:16
stress-ng --cpu 8 --cpu-load 84 --timeout 60s --quiet,21,5/15/2026,4:53:16,4:54:16
stress-ng --cpu 16 --cpu-load 48 --timeout 60s --quiet,24,5/15/2026,4:55:16,4:56:16
stress-ng --cpu 24 --cpu-load 63 --timeout 60s --quiet,47.25,5/15/2026,4:57:16,4:58:17
stress-ng --cpu 16 --cpu-load 100 --timeout 60s --quiet,50,5/15/2026,4:59:17,5:00:17
stress-ng --cpu 8 --cpu-load 44 --timeout 60s --quiet,11,5/15/2026,5:01:17,5:02:17
stress-ng --cpu 8 --cpu-load 32 --timeout 60s --quiet,8,5/15/2026,5:03:17,5:04:17
stress-ng --cpu 16 --cpu-load 44 --timeout 60s --quiet,22,5/15/2026,5:05:17,5:06:17
stress-ng --cpu 32 --cpu-load 29 --timeout 60s --quiet,29,5/15/2026,5:07:17,5:08:18
stress-ng --cpu 32 --cpu-load 38 --timeout 60s --quiet,38,5/15/2026,5:09:18,5:10:18
stress-ng --cpu 32 --cpu-load 93 --timeout 60s --quiet,93,5/15/2026,5:11:18,5:12:18
stress-ng --cpu 24 --cpu-load 58 --timeout 60s --quiet,43.5,5/15/2026,5:13:18,5:14:18
stress-ng --cpu 24 --cpu-load 19 --timeout 60s --quiet,14.25,5/15/2026,5:15:18,5:16:19
stress-ng --cpu 32 --cpu-load 41 --timeout 60s --quiet,41,5/15/2026,5:17:19,5:18:19
stress-ng --cpu 24 --cpu-load 27 --timeout 60s --quiet,20.25,5/15/2026,5:19:19,5:20:20
stress-ng --cpu 24 --cpu-load 54 --timeout 60s --quiet,40.5,5/15/2026,5:21:20,5:22:20
stress-ng --cpu 24 --cpu-load 90 --timeout 60s --quiet,67.5,5/15/2026,5:23:20,5:24:20
stress-ng --cpu 16 --cpu-load 50 --timeout 60s --quiet,25,5/15/2026,5:25:20,5:26:20
stress-ng --cpu 32 --cpu-load 70 --timeout 60s --quiet,70,5/15/2026,5:27:20,5:28:20
stress-ng --cpu 8 --cpu-load 80 --timeout 60s --quiet,20,5/15/2026,5:29:20,5:30:21
stress-ng --cpu 16 --cpu-load 20 --timeout 60s --quiet,10,5/15/2026,5:31:21,5:32:21
stress-ng --cpu 24 --cpu-load 5 --timeout 60s --quiet,3.75,5/15/2026,5:33:21,5:34:21
stress-ng --cpu 16 --cpu-load 24 --timeout 60s --quiet,12,5/15/2026,5:35:21,5:36:21
stress-ng --cpu 32 --cpu-load 95 --timeout 60s --quiet,95,5/15/2026,5:37:21,5:38:21
stress-ng --cpu 16 --cpu-load 78 --timeout 60s --quiet,39,5/15/2026,5:39:21,5:40:22
stress-ng --cpu 32 --cpu-load 28 --timeout 60s --quiet,28,5/15/2026,5:41:22,5:42:22
stress-ng --cpu 32 --cpu-load 15 --timeout 60s --quiet,15,5/15/2026,5:43:22,5:44:23
stress-ng --cpu 16 --cpu-load 16 --timeout 60s --quiet,8,5/15/2026,5:45:23,5:46:23
stress-ng --cpu 24 --cpu-load 84 --timeout 60s --quiet,63,5/15/2026,5:47:23,5:48:23
stress-ng --cpu 32 --cpu-load 47 --timeout 60s --quiet,47,5/15/2026,5:49:23,5:50:24
stress-ng --cpu 16 --cpu-load 60 --timeout 60s --quiet,30,5/15/2026,5:51:24,5:52:24
stress-ng --cpu 24 --cpu-load 9 --timeout 60s --quiet,6.75,5/15/2026,5:53:24,5:54:25
stress-ng --cpu 8 --cpu-load 8 --timeout 60s --quiet,2,5/15/2026,5:55:25,5:56:26
stress-ng --cpu 32 --cpu-load 32 --timeout 60s --quiet,32,5/15/2026,5:57:26,5:58:26
stress-ng --cpu 32 --cpu-load 25 --timeout 60s --quiet,25,5/15/2026,5:59:26,6:00:27
stress-ng --cpu 32 --cpu-load 88 --timeout 60s --quiet,88,5/15/2026,6:01:27,6:02:27
stress-ng --cpu 24 --cpu-load 66 --timeout 60s --quiet,49.5,5/15/2026,6:03:27,6:04:27
stress-ng --cpu 32 --cpu-load 77 --timeout 60s --quiet,77,5/15/2026,6:05:27,6:06:27
stress-ng --cpu 32 --cpu-load 27 --timeout 60s --quiet,27,5/15/2026,6:07:27,6:08:27
stress-ng --cpu 24 --cpu-load 56 --timeout 60s --quiet,42,5/15/2026,6:09:27,6:10:28
stress-ng --cpu 16 --cpu-load 98 --timeout 60s --quiet,49,5/15/2026,6:11:28,6:12:28
stress-ng --cpu 32 --cpu-load 99 --timeout 60s --quiet,99,5/15/2026,6:13:28,6:14:28
stress-ng --cpu 24 --cpu-load 45 --timeout 60s --quiet,33.75,5/15/2026,6:15:28,6:16:28
stress-ng --cpu 8 --cpu-load 88 --timeout 60s --quiet,22,5/15/2026,6:17:28,6:18:28
stress-ng --cpu 32 --cpu-load 10 --timeout 60s --quiet,10,5/15/2026,6:19:28,6:20:29
stress-ng --cpu 24 --cpu-load 12 --timeout 60s --quiet,9,5/15/2026,6:21:29,6:22:30
stress-ng --cpu 24 --cpu-load 69 --timeout 60s --quiet,51.75,5/15/2026,6:23:30,6:24:30
stress-ng --cpu 24 --cpu-load 67 --timeout 60s --quiet,50.25,5/15/2026,6:25:30,6:26:30
stress-ng --cpu 32 --cpu-load 76 --timeout 60s --quiet,76,5/15/2026,6:27:30,6:28:30
stress-ng --cpu 32 --cpu-load 43 --timeout 60s --quiet,43,5/15/2026,6:29:30,6:30:30
stress-ng --cpu 8 --cpu-load 60 --timeout 60s --quiet,15,5/15/2026,6:31:30,6:32:30
stress-ng --cpu 24 --cpu-load 6 --timeout 60s --quiet,4.5,5/15/2026,6:33:30,6:34:31
stress-ng --cpu 24 --cpu-load 65 --timeout 60s --quiet,48.75,5/15/2026,6:35:31,6:36:31
stress-ng --cpu 24 --cpu-load 14 --timeout 60s --quiet,10.5,5/15/2026,6:37:31,6:38:32
stress-ng --cpu 32 --cpu-load 58 --timeout 60s --quiet,58,5/15/2026,6:39:32,6:40:32
stress-ng --cpu 24 --cpu-load 97 --timeout 60s --quiet,72.75,5/15/2026,6:41:32,6:42:32
stress-ng --cpu 32 --cpu-load 49 --timeout 60s --quiet,49,5/15/2026,6:43:32,6:44:32
stress-ng --cpu 32 --cpu-load 82 --timeout 60s --quiet,82,5/15/2026,6:45:32,6:46:33
stress-ng --cpu 24 --cpu-load 68 --timeout 60s --quiet,51,5/15/2026,6:47:33,6:48:33
stress-ng --cpu 16 --cpu-load 86 --timeout 60s --quiet,43,5/15/2026,6:49:33,6:50:33
stress-ng --cpu 24 --cpu-load 42 --timeout 60s --quiet,31.5,5/15/2026,6:51:33,6:52:33
stress-ng --cpu 8 --cpu-load 28 --timeout 60s --quiet,7,5/15/2026,6:53:33,6:54:33
stress-ng --cpu 24 --cpu-load 99 --timeout 60s --quiet,74.25,5/15/2026,6:55:33,6:56:34
stress-ng --cpu 8 --cpu-load 16 --timeout 60s --quiet,4,5/15/2026,6:57:34,6:58:34
stress-ng --cpu 32 --cpu-load 85 --timeout 60s --quiet,85,5/15/2026,6:59:34,7:00:34
stress-ng --cpu 16 --cpu-load 10 --timeout 60s --quiet,5,5/15/2026,7:01:34,7:02:35
stress-ng --cpu 16 --cpu-load 66 --timeout 60s --quiet,33,5/15/2026,7:03:35,7:04:35
stress-ng --cpu 24 --cpu-load 80 --timeout 60s --quiet,60,5/15/2026,7:05:35,7:06:35
stress-ng --cpu 8 --cpu-load 52 --timeout 60s --quiet,13,5/15/2026,7:07:35,7:08:35
stress-ng --cpu 24 --cpu-load 85 --timeout 60s --quiet,63.75,5/15/2026,7:09:35,7:10:35
stress-ng --cpu 32 --cpu-load 48 --timeout 60s --quiet,48,5/15/2026,7:11:35,7:12:36
stress-ng --cpu 8 --cpu-load 36 --timeout 60s --quiet,9,5/15/2026,7:13:36,7:14:36
stress-ng --cpu 32 --cpu-load 53 --timeout 60s --quiet,53,5/15/2026,7:15:36,7:16:36
stress-ng --cpu 32 --cpu-load 30 --timeout 60s --quiet,30,5/15/2026,7:17:36,7:18:36
stress-ng --cpu 8 --cpu-load 48 --timeout 60s --quiet,12,5/15/2026,7:19:36,7:20:37
stress-ng --cpu 24 --cpu-load 26 --timeout 60s --quiet,19.5,5/15/2026,7:21:37,7:22:37
stress-ng --cpu 24 --cpu-load 79 --timeout 60s --quiet,59.25,5/15/2026,7:23:37,7:24:37
stress-ng --cpu 24 --cpu-load 70 --timeout 60s --quiet,52.5,5/15/2026,7:25:37,7:26:37
stress-ng --cpu 24 --cpu-load 39 --timeout 60s --quiet,29.25,5/15/2026,7:27:37,7:28:37
stress-ng --cpu 24 --cpu-load 43 --timeout 60s --quiet,32.25,5/15/2026,7:29:37,7:30:38
stress-ng --cpu 8 --cpu-load 76 --timeout 60s --quiet,19,5/15/2026,7:31:38,7:32:38
stress-ng --cpu 16 --cpu-load 76 --timeout 60s --quiet,38,5/15/2026,7:33:38,7:34:38
stress-ng --cpu 16 --cpu-load 70 --timeout 60s --quiet,35,5/15/2026,7:35:38,7:36:38
stress-ng --cpu 16 --cpu-load 28 --timeout 60s --quiet,14,5/15/2026,7:37:38,7:38:38
stress-ng --cpu 24 --cpu-load 51 --timeout 60s --quiet,38.25,5/15/2026,7:39:38,7:40:39
stress-ng --cpu 32 --cpu-load 12 --timeout 60s --quiet,12,5/15/2026,7:41:39,7:42:39
stress-ng --cpu 16 --cpu-load 56 --timeout 60s --quiet,28,5/15/2026,7:43:39,7:44:40
stress-ng --cpu 32 --cpu-load 51 --timeout 60s --quiet,51,5/15/2026,7:45:40,7:46:40
stress-ng --cpu 24 --cpu-load 23 --timeout 60s --quiet,17.25,5/15/2026,7:47:40,7:48:40
stress-ng --cpu 32 --cpu-load 21 --timeout 60s --quiet,21,5/15/2026,7:49:40,7:50:41
stress-ng --cpu 24 --cpu-load 73 --timeout 60s --quiet,54.75,5/15/2026,7:51:41,7:52:41
stress-ng --cpu 24 --cpu-load 96 --timeout 60s --quiet,72,5/15/2026,7:53:41,7:54:41
stress-ng --cpu 16 --cpu-load 42 --timeout 60s --quiet,21,5/15/2026,7:55:41,7:56:41
stress-ng --cpu 24 --cpu-load 76 --timeout 60s --quiet,57,5/15/2026,7:57:41,7:58:41
stress-ng --cpu 32 --cpu-load 35 --timeout 60s --quiet,35,5/15/2026,7:59:41,8:00:42
stress-ng --cpu 24 --cpu-load 18 --timeout 60s --quiet,13.5,5/15/2026,8:01:42,8:02:42
stress-ng --cpu 24 --cpu-load 62 --timeout 60s --quiet,46.5,5/15/2026,8:03:42,8:04:43
stress-ng --cpu 24 --cpu-load 31 --timeout 60s --quiet,23.25,5/15/2026,8:05:43,8:06:43
stress-ng --cpu 24 --cpu-load 46 --timeout 60s --quiet,34.5,5/15/2026,8:07:43,8:08:43
stress-ng --cpu 16 --cpu-load 38 --timeout 60s --quiet,19,5/15/2026,8:09:43,8:10:43
stress-ng --cpu 32 --cpu-load 40 --timeout 60s --quiet,40,5/15/2026,8:11:43,8:12:44
stress-ng --cpu 32 --cpu-load 66 --timeout 60s --quiet,66,5/15/2026,8:13:44,8:14:44
stress-ng --cpu 32 --cpu-load 92 --timeout 60s --quiet,92,5/15/2026,8:15:44,8:16:44
stress-ng --cpu 32 --cpu-load 83 --timeout 60s --quiet,83,5/15/2026,8:17:44,8:18:44
stress-ng --cpu 32 --cpu-load 31 --timeout 60s --quiet,31,5/15/2026,8:19:44,8:20:44
stress-ng --cpu 24 --cpu-load 75 --timeout 60s --quiet,56.25,5/15/2026,8:21:44,8:22:45
stress-ng --cpu 32 --cpu-load 87 --timeout 60s --quiet,87,5/15/2026,8:23:45,8:24:45
stress-ng --cpu 32 --cpu-load 26 --timeout 60s --quiet,26,5/15/2026,8:25:45,8:26:45
stress-ng --cpu 16 --cpu-load 58 --timeout 60s --quiet,29,5/15/2026,8:27:45,8:28:45
stress-ng --cpu 32 --cpu-load 56 --timeout 60s --quiet,56,5/15/2026,8:29:45,8:30:45
stress-ng --cpu 16 --cpu-load 14 --timeout 60s --quiet,7,5/15/2026,8:31:45,8:32:46
stress-ng --cpu 32 --cpu-load 81 --timeout 60s --quiet,81,5/15/2026,8:33:46,8:34:46
stress-ng --cpu 24 --cpu-load 93 --timeout 60s --quiet,69.75,5/15/2026,8:35:46,8:36:46
stress-ng --cpu 32 --cpu-load 50 --timeout 60s --quiet,50,5/15/2026,8:37:46,8:38:47
stress-ng --cpu 32 --cpu-load 9 --timeout 60s --quiet,9,5/15/2026,8:39:47,8:40:48
stress-ng --cpu 32 --cpu-load 36 --timeout 60s --quiet,36,5/15/2026,8:41:48,8:42:48
stress-ng --cpu 32 --cpu-load 45 --timeout 60s --quiet,45,5/15/2026,8:43:48,8:44:48
stress-ng --cpu 24 --cpu-load 77 --timeout 60s --quiet,57.75,5/15/2026,8:45:48,8:46:49
stress-ng --cpu 32 --cpu-load 72 --timeout 60s --quiet,72,5/15/2026,8:47:49,8:48:49
stress-ng --cpu 32 --cpu-load 98 --timeout 60s --quiet,98,5/15/2026,8:49:49,8:50:49
stress-ng --cpu 32 --cpu-load 23 --timeout 60s --quiet,23,5/15/2026,8:51:49,8:52:49
stress-ng --cpu 32 --cpu-load 24 --timeout 60s --quiet,24,5/15/2026,8:53:49,8:54:50
stress-ng --cpu 32 --cpu-load 67 --timeout 60s --quiet,67,5/15/2026,8:55:50,8:56:50
stress-ng --cpu 24 --cpu-load 0 --timeout 60s --quiet,0,5/15/2026,8:57:50,8:58:50
stress-ng --cpu 32 --cpu-load 69 --timeout 60s --quiet,69,5/15/2026,8:59:50,9:00:50
stress-ng --cpu 24 --cpu-load 82 --timeout 60s --quiet,61.5,5/15/2026,9:01:50,9:02:50
stress-ng --cpu 16 --cpu-load 80 --timeout 60s --quiet,40,5/15/2026,9:03:50,9:04:51
stress-ng --cpu 24 --cpu-load 3 --timeout 60s --quiet,2.25,5/15/2026,9:05:51,9:06:52
stress-ng --cpu 24 --cpu-load 50 --timeout 60s --quiet,37.5,5/15/2026,9:07:52,9:08:52
stress-ng --cpu 24 --cpu-load 53 --timeout 60s --quiet,39.75,5/15/2026,9:09:52,9:10:52
stress-ng --cpu 32 --cpu-load 100 --timeout 60s --quiet,100,5/15/2026,9:11:52,9:12:52
stress-ng --cpu 24 --cpu-load 4 --timeout 60s --quiet,3,5/15/2026,9:13:52,9:14:52
stress-ng --cpu 32 --cpu-load 79 --timeout 60s --quiet,79,5/15/2026,9:15:52,9:16:52
stress-ng --cpu 24 --cpu-load 7 --timeout 60s --quiet,5.25,5/15/2026,9:17:52,9:18:53
stress-ng --cpu 32 --cpu-load 57 --timeout 60s --quiet,57,5/15/2026,9:19:53,9:20:53
stress-ng --cpu 32 --cpu-load 46 --timeout 60s --quiet,46,5/15/2026,9:21:53,9:22:54
stress-ng --cpu 32 --cpu-load 11 --timeout 60s --quiet,11,5/15/2026,9:23:54,9:24:55
stress-ng --cpu 32 --cpu-load 39 --timeout 60s --quiet,39,5/15/2026,9:25:55,9:26:55
stress-ng --cpu 32 --cpu-load 91 --timeout 60s --quiet,91,5/15/2026,9:27:55,9:28:55
stress-ng --cpu 24 --cpu-load 81 --timeout 60s --quiet,60.75,5/15/2026,9:29:55,9:30:55
stress-ng --cpu 32 --cpu-load 2 --timeout 60s --quiet,2,5/15/2026,9:31:55,9:32:55
stress-ng --cpu 16 --cpu-load 72 --timeout 60s --quiet,36,5/15/2026,9:33:55,9:34:55
stress-ng --cpu 8 --cpu-load 96 --timeout 60s --quiet,24,5/15/2026,9:35:55,9:36:56
stress-ng --cpu 16 --cpu-load 12 --timeout 60s --quiet,6,5/15/2026,9:37:56,9:38:56
stress-ng --cpu 24 --cpu-load 40 --timeout 60s --quiet,30,5/15/2026,9:39:56,9:40:56
stress-ng --cpu 24 --cpu-load 89 --timeout 60s --quiet,66.75,5/15/2026,9:41:56,9:42:56
stress-ng --cpu 24 --cpu-load 11 --timeout 60s --quiet,8.25,5/15/2026,9:43:56,9:44:57
stress-ng --cpu 16 --cpu-load 68 --timeout 60s --quiet,34,5/15/2026,9:45:57,9:46:58
stress-ng --cpu 8 --cpu-load 100 --timeout 60s --quiet,25,5/15/2026,9:47:58,9:48:58
stress-ng --cpu 24 --cpu-load 86 --timeout 60s --quiet,64.5,5/15/2026,9:49:58,9:50:58
stress-ng --cpu 24 --cpu-load 32 --timeout 60s --quiet,24,5/15/2026,9:51:58,9:52:58
stress-ng --cpu 32 --cpu-load 18 --timeout 60s --quiet,18,5/15/2026,9:53:58,9:54:59
stress-ng --cpu 24 --cpu-load 52 --timeout 60s --quiet,39,5/15/2026,9:55:59,9:56:59
stress-ng --cpu 24 --cpu-load 36 --timeout 60s --quiet,27,5/15/2026,9:57:59,9:58:59
stress-ng --cpu 16 --cpu-load 64 --timeout 60s --quiet,32,5/15/2026,9:59:59,10:01:00
stress-ng --cpu 32 --cpu-load 75 --timeout 60s --quiet,75,5/15/2026,10:02:00,10:03:00
stress-ng --cpu 32 --cpu-load 90 --timeout 60s --quiet,90,5/15/2026,10:04:00,10:05:00
stress-ng --cpu 24 --cpu-load 21 --timeout 60s --quiet,15.75,5/15/2026,10:06:00,10:07:00
stress-ng --cpu 24 --cpu-load 94 --timeout 60s --quiet,70.5,5/15/2026,10:08:00,10:09:00
stress-ng --cpu 24 --cpu-load 44 --timeout 60s --quiet,33,5/15/2026,10:10:00,10:11:01
stress-ng --cpu 24 --cpu-load 57 --timeout 60s --quiet,42.75,5/15/2026,10:12:01,10:13:01
stress-ng --cpu 16 --cpu-load 82 --timeout 60s --quiet,41,5/15/2026,10:14:01,10:15:01
stress-ng --cpu 16 --cpu-load 90 --timeout 60s --quiet,45,5/15/2026,10:16:01,10:17:01
stress-ng --cpu 32 --cpu-load 80 --timeout 60s --quiet,80,5/15/2026,10:18:01,10:19:01
stress-ng --cpu 16 --cpu-load 46 --timeout 60s --quiet,23,5/15/2026,10:20:01,10:21:01
stress-ng --cpu 24 --cpu-load 60 --timeout 60s --quiet,45,5/15/2026,10:22:02,10:23:02
stress-ng --cpu 16 --cpu-load 34 --timeout 60s --quiet,17,5/15/2026,10:24:02,10:25:02
stress-ng --cpu 32 --cpu-load 4 --timeout 60s --quiet,4,5/15/2026,10:26:02,10:27:02
stress-ng --cpu 32 --cpu-load 96 --timeout 60s --quiet,96,5/15/2026,10:28:02,10:29:02
stress-ng --cpu 24 --cpu-load 61 --timeout 60s --quiet,45.75,5/15/2026,10:30:02,10:31:02
stress-ng --cpu 32 --cpu-load 1 --timeout 60s --quiet,1,5/15/2026,10:32:02,10:33:04
stress-ng --cpu 32 --cpu-load 73 --timeout 60s --quiet,73,5/15/2026,10:34:04,10:35:04
stress-ng --cpu 24 --cpu-load 30 --timeout 60s --quiet,22.5,5/15/2026,10:36:04,10:37:04
stress-ng --cpu 16 --cpu-load 96 --timeout 60s --quiet,48,5/15/2026,10:38:04,10:39:04
stress-ng --cpu 24 --cpu-load 35 --timeout 60s --quiet,26.25,5/15/2026,10:40:04,10:41:05
stress-ng --cpu 24 --cpu-load 59 --timeout 60s --quiet,44.25,5/15/2026,10:42:05,10:43:05
stress-ng --cpu 32 --cpu-load 44 --timeout 60s --quiet,44,5/15/2026,10:44:05,10:45:05
stress-ng --cpu 24 --cpu-load 13 --timeout 60s --quiet,9.75,5/15/2026,10:46:05,10:47:06
stress-ng --cpu 24 --cpu-load 38 --timeout 60s --quiet,28.5,5/15/2026,10:48:06,10:49:06
stress-ng --cpu 24 --cpu-load 37 --timeout 60s --quiet,27.75,5/15/2026,10:50:06,10:51:06
stress-ng --cpu 8 --cpu-load 20 --timeout 60s --quiet,5,5/15/2026,10:52:06,10:53:06
stress-ng --cpu 32 --cpu-load 19 --timeout 60s --quiet,19,5/15/2026,10:54:06,10:55:07
stress-ng --cpu 24 --cpu-load 20 --timeout 60s --quiet,15,5/15/2026,10:56:07,10:57:07
stress-ng --cpu 24 --cpu-load 87 --timeout 60s --quiet,65.25,5/15/2026,10:58:07,10:59:07
stress-ng --cpu 32 --cpu-load 55 --timeout 60s --quiet,55,5/15/2026,11:00:07,11:01:08
stress-ng --cpu 32 --cpu-load 71 --timeout 60s --quiet,71,5/15/2026,11:02:08,11:03:08
stress-ng --cpu 24 --cpu-load 28 --timeout 60s --quiet,21,5/15/2026,11:04:08,11:05:08
stress-ng --cpu 24 --cpu-load 49 --timeout 60s --quiet,36.75,5/15/2026,11:06:08,11:07:08
stress-ng --cpu 16 --cpu-load 26 --timeout 60s --quiet,13,5/15/2026,11:08:08,11:09:08
stress-ng --cpu 24 --cpu-load 34 --timeout 60s --quiet,25.5,5/15/2026,11:10:08,11:11:09
stress-ng --cpu 32 --cpu-load 34 --timeout 60s --quiet,34,5/15/2026,11:12:09,11:13:09
stress-ng --cpu 16 --cpu-load 18 --timeout 60s --quiet,9,5/15/2026,11:14:09,11:15:09
stress-ng --cpu 24 --cpu-load 25 --timeout 60s --quiet,18.75,5/15/2026,11:16:09,11:17:10
stress-ng --cpu 32 --cpu-load 3 --timeout 60s --quiet,3,5/15/2026,11:18:10,11:19:11
stress-ng --cpu 32 --cpu-load 86 --timeout 60s --quiet,86,5/15/2026,11:20:11,11:21:11
stress-ng --cpu 32 --cpu-load 63 --timeout 60s --quiet,63,5/15/2026,11:22:11,11:23:11
stress-ng --cpu 8 --cpu-load 40 --timeout 60s --quiet,10,5/15/2026,11:24:11,11:25:12
stress-ng --cpu 24 --cpu-load 95 --timeout 60s --quiet,71.25,5/15/2026,11:26:12,11:27:12
stress-ng --cpu 24 --cpu-load 64 --timeout 60s --quiet,48,5/15/2026,11:28:12,11:29:12
stress-ng --cpu 32 --cpu-load 6 --timeout 60s --quiet,6,5/15/2026,11:30:12,11:31:13
stress-ng --cpu 24 --cpu-load 55 --timeout 60s --quiet,41.25,5/15/2026,11:32:13,11:33:13
stress-ng --cpu 24 --cpu-load 98 --timeout 60s --quiet,73.5,5/15/2026,11:34:13,11:35:13
stress-ng --cpu 32 --cpu-load 20 --timeout 60s --quiet,20,5/15/2026,11:36:13,11:37:14
stress-ng --cpu 16 --cpu-load 92 --timeout 60s --quiet,46,5/15/2026,11:38:14,11:39:14
stress-ng --cpu 32 --cpu-load 74 --timeout 60s --quiet,74,5/15/2026,11:40:14,11:41:14
stress-ng --cpu 32 --cpu-load 16 --timeout 60s --quiet,16,5/15/2026,11:42:14,11:43:14
stress-ng --cpu 16 --cpu-load 8 --timeout 60s --quiet,4,5/15/2026,11:44:14,11:45:15
stress-ng --cpu 8 --cpu-load 4 --timeout 60s --quiet,1,5/15/2026,11:46:15,11:47:15
stress-ng --cpu 24 --cpu-load 74 --timeout 60s --quiet,55.5,5/15/2026,11:48:15,11:49:15
stress-ng --cpu 24 --cpu-load 83 --timeout 60s --quiet,62.25,5/15/2026,11:50:15,11:51:15
stress-ng --cpu 32 --cpu-load 22 --timeout 60s --quiet,22,5/15/2026,11:52:15,11:53:15
stress-ng --cpu 24 --cpu-load 1 --timeout 60s --quiet,0.75,5/15/2026,11:54:15,11:55:15
stress-ng --cpu 24 --cpu-load 100 --timeout 60s --quiet,75,5/15/2026,11:56:15,11:57:16
stress-ng --cpu 32 --cpu-load 7 --timeout 60s --quiet,7,5/15/2026,11:58:16,11:59:16
stress-ng --cpu 32 --cpu-load 97 --timeout 60s --quiet,97,5/15/2026,12:00:16,12:01:17
stress-ng --cpu 24 --cpu-load 29 --timeout 60s --quiet,21.75,5/15/2026,12:02:17,12:03:17
stress-ng --cpu 32 --cpu-load 8 --timeout 60s --quiet,8,5/15/2026,12:04:17,12:05:18
stress-ng --cpu 24 --cpu-load 16 --timeout 60s --quiet,12,5/15/2026,12:06:18,12:07:18
stress-ng --cpu 32 --cpu-load 37 --timeout 60s --quiet,37,5/15/2026,12:08:18,12:09:18
stress-ng --cpu 32 --cpu-load 62 --timeout 60s --quiet,62,5/15/2026,12:10:18,12:11:19
stress-ng --cpu 8 --cpu-load 72 --timeout 60s --quiet,18,5/15/2026,12:12:19,12:13:19
stress-ng --cpu 32 --cpu-load 59 --timeout 60s --quiet,59,5/15/2026,12:14:19,12:15:19
stress-ng --cpu 16 --cpu-load 2 --timeout 60s --quiet,1,5/15/2026,12:16:19,12:17:19
stress-ng --cpu 32 --cpu-load 68 --timeout 60s --quiet,68,5/15/2026,12:18:19,12:19:19
stress-ng --cpu 24 --cpu-load 91 --timeout 60s --quiet,68.25,5/15/2026,12:20:19,12:21:19
stress-ng --cpu 32 --cpu-load 61 --timeout 60s --quiet,61,5/15/2026,12:22:19,12:23:19
stress-ng --cpu 16 --cpu-load 40 --timeout 60s --quiet,20,5/15/2026,12:24:19,12:25:20
stress-ng --cpu 24 --cpu-load 10 --timeout 60s --quiet,7.5,5/15/2026,12:26:20,12:27:21
stress-ng --cpu 16 --cpu-load 52 --timeout 60s --quiet,26,5/15/2026,12:28:21,12:29:21
stress-ng --cpu 16 --cpu-load 36 --timeout 60s --quiet,18,5/15/2026,12:30:21,12:31:21
stress-ng --cpu 16 --cpu-load 4 --timeout 60s --quiet,2,5/15/2026,12:32:21,12:33:21
stress-ng --cpu 32 --cpu-load 89 --timeout 60s --quiet,89,5/15/2026,12:34:21,12:35:21
stress-ng --cpu 32 --cpu-load 54 --timeout 60s --quiet,54,5/15/2026,12:36:21,12:37:22
stress-ng --cpu 32 --cpu-load 60 --timeout 60s --quiet,60,5/15/2026,12:38:22,12:39:22
stress-ng --cpu 24 --cpu-load 17 --timeout 60s --quiet,12.75,5/15/2026,12:40:22,12:41:22
stress-ng --cpu 8 --cpu-load 12 --timeout 60s --quiet,3,5/15/2026,12:42:22,12:43:22
stress-ng --cpu 16 --cpu-load 32 --timeout 60s --quiet,16,5/15/2026,12:44:22,12:45:23
stress-ng --cpu 16 --cpu-load 94 --timeout 60s --quiet,47,5/15/2026,12:46:23,12:47:23
stress-ng --cpu 24 --cpu-load 24 --timeout 60s --quiet,18,5/15/2026,12:48:23,12:49:23
stress-ng --cpu 24 --cpu-load 41 --timeout 60s --quiet,30.75,5/15/2026,12:50:23,12:51:23
stress-ng --cpu 16 --cpu-load 0 --timeout 60s --quiet,0,5/15/2026,12:52:23,12:53:23
stress-ng --cpu 16 --cpu-load 74 --timeout 60s --quiet,37,5/15/2026,12:54:23,12:55:24
stress-ng --cpu 16 --cpu-load 30 --timeout 60s --quiet,15,5/15/2026,12:56:24,12:57:24
stress-ng --cpu 16 --cpu-load 84 --timeout 60s --quiet,42,5/15/2026,12:58:24,12:59:24
stress-ng --cpu 32 --cpu-load 84 --timeout 60s --quiet,84,5/15/2026,13:00:24,13:01:24
stress-ng --cpu 8 --cpu-load 92 --timeout 60s --quiet,23,5/15/2026,13:02:24,13:03:24
stress-ng --cpu 8 --cpu-load 0 --timeout 60s --quiet,0,5/15/2026,13:04:24,13:05:24
stress-ng --cpu 16 --cpu-load 22 --timeout 60s --quiet,11,5/15/2026,13:06:24,13:07:25
stress-ng --cpu 24 --cpu-load 88 --timeout 60s --quiet,66,5/15/2026,13:08:25,13:09:25
stress-ng --cpu 24 --cpu-load 47 --timeout 60s --quiet,35.25,5/15/2026,13:10:25,13:11:25
stress-ng --cpu 24 --cpu-load 71 --timeout 60s --quiet,53.25,5/15/2026,13:12:25,13:13:25
stress-ng --cpu 24 --cpu-load 92 --timeout 60s --quiet,69,5/15/2026,13:14:25,13:15:25
stress-ng --cpu 32 --cpu-load 14 --timeout 60s --quiet,14,5/15/2026,13:16:25,13:17:26
stress-ng --cpu 32 --cpu-load 13 --timeout 60s --quiet,13,5/15/2026,13:18:26,13:19:26
stress-ng --cpu 32 --cpu-load 33 --timeout 60s --quiet,33,5/15/2026,13:20:26,13:21:27
stress-ng --cpu 32 --cpu-load 94 --timeout 60s --quiet,94,5/15/2026,13:22:27,13:23:27
stress-ng --cpu 32 --cpu-load 65 --timeout 60s --quiet,65,5/15/2026,13:24:27,13:25:27
stress-ng --cpu 24 --cpu-load 8 --timeout 60s --quiet,6,5/15/2026,13:26:27,13:27:28
stress-ng --cpu 8 --cpu-load 56 --timeout 60s --quiet,14,5/15/2026,13:28:28,13:29:28
stress-ng --cpu 16 --cpu-load 6 --timeout 60s --quiet,3,5/15/2026,13:30:28,13:31:28
stress-ng --cpu 16 --cpu-load 88 --timeout 60s --quiet,44,5/15/2026,13:32:28,13:33:28
stress-ng --cpu 8 --cpu-load 64 --timeout 60s --quiet,16,5/15/2026,13:34:28,13:35:29
stress-ng --cpu 24 --cpu-load 33 --timeout 60s --quiet,24.75,5/15/2026,13:36:29,13:37:29
stress-ng --cpu 24 --cpu-load 22 --timeout 60s --quiet,16.5,5/15/2026,13:38:29,13:39:29
stress-ng --cpu 32 --cpu-load 5 --timeout 60s --quiet,5,5/15/2026,13:40:29,13:41:30
stress-ng --cpu 32 --cpu-load 42 --timeout 60s --quiet,42,5/15/2026,13:42:30,13:43:31
stress-ng --cpu 8 --cpu-load 68 --timeout 60s --quiet,17,5/15/2026,13:44:31,13:45:31
stress-ng --cpu 24 --cpu-load 15 --timeout 60s --quiet,11.25,5/15/2026,13:46:31,13:47:31
stress-ng --cpu 32 --cpu-load 0 --timeout 60s --quiet,0,5/15/2026,13:48:31,13:49:31
stress-ng --cpu 32 --cpu-load 52 --timeout 60s --quiet,52,5/15/2026,13:50:31,13:51:32
stress-ng --cpu 24 --cpu-load 2 --timeout 60s --quiet,1.5,5/15/2026,13:52:32,13:53:32
stress-ng --cpu 24 --cpu-load 72 --timeout 60s --quiet,54,5/15/2026,13:54:32,13:55:32
stress-ng --cpu 8 --cpu-load 48 --timeout 60s --quiet,12,5/15/2026,13:56:32,13:57:32
stress-ng --cpu 24 --cpu-load 71 --timeout 60s --quiet,53.25,5/15/2026,13:58:32,13:59:32
stress-ng --cpu 32 --cpu-load 26 --timeout 60s --quiet,26,5/15/2026,14:00:32,14:01:33
stress-ng --cpu 24 --cpu-load 3 --timeout 60s --quiet,2.25,5/15/2026,14:02:33,14:03:33
stress-ng --cpu 32 --cpu-load 2 --timeout 60s --quiet,2,5/15/2026,14:04:33,14:05:33
stress-ng --cpu 8 --cpu-load 96 --timeout 60s --quiet,24,5/15/2026,14:06:33,14:07:33
stress-ng --cpu 16 --cpu-load 58 --timeout 60s --quiet,29,5/15/2026,14:08:33,14:09:33
stress-ng --cpu 32 --cpu-load 49 --timeout 60s --quiet,49,5/15/2026,14:10:33,14:11:33
stress-ng --cpu 16 --cpu-load 0 --timeout 60s --quiet,0,5/15/2026,14:12:33,14:13:33
stress-ng --cpu 16 --cpu-load 88 --timeout 60s --quiet,44,5/15/2026,14:14:33,14:15:33
stress-ng --cpu 32 --cpu-load 68 --timeout 60s --quiet,68,5/15/2026,14:16:34,14:17:34
stress-ng --cpu 32 --cpu-load 16 --timeout 60s --quiet,16,5/15/2026,14:18:34,14:19:34
stress-ng --cpu 24 --cpu-load 76 --timeout 60s --quiet,57,5/15/2026,14:20:34,14:21:34
stress-ng --cpu 16 --cpu-load 62 --timeout 60s --quiet,31,5/15/2026,14:22:34,14:23:35
stress-ng --cpu 24 --cpu-load 19 --timeout 60s --quiet,14.25,5/15/2026,14:24:35,14:25:35
stress-ng --cpu 32 --cpu-load 51 --timeout 60s --quiet,51,5/15/2026,14:26:35,14:27:35
stress-ng --cpu 32 --cpu-load 6 --timeout 60s --quiet,6,5/15/2026,14:28:35,14:29:37
stress-ng --cpu 16 --cpu-load 60 --timeout 60s --quiet,30,5/15/2026,14:30:37,14:31:37
stress-ng --cpu 24 --cpu-load 26 --timeout 60s --quiet,19.5,5/15/2026,14:32:37,14:33:37
stress-ng --cpu 32 --cpu-load 53 --timeout 60s --quiet,53,5/15/2026,14:34:37,14:35:37
stress-ng --cpu 16 --cpu-load 8 --timeout 60s --quiet,4,5/15/2026,14:36:37,14:37:38
stress-ng --cpu 32 --cpu-load 31 --timeout 60s --quiet,31,5/15/2026,14:38:38,14:39:39
stress-ng --cpu 24 --cpu-load 70 --timeout 60s --quiet,52.5,5/15/2026,14:40:39,14:41:39
stress-ng --cpu 32 --cpu-load 42 --timeout 60s --quiet,42,5/15/2026,14:42:39,14:43:39
stress-ng --cpu 16 --cpu-load 26 --timeout 60s --quiet,13,5/15/2026,14:44:39,14:45:39
stress-ng --cpu 8 --cpu-load 68 --timeout 60s --quiet,17,5/15/2026,14:46:39,14:47:40
stress-ng --cpu 32 --cpu-load 10 --timeout 60s --quiet,10,5/15/2026,14:48:40,14:49:41
stress-ng --cpu 24 --cpu-load 69 --timeout 60s --quiet,51.75,5/15/2026,14:50:41,14:51:41
stress-ng --cpu 8 --cpu-load 44 --timeout 60s --quiet,11,5/15/2026,14:52:41,14:53:41
stress-ng --cpu 8 --cpu-load 84 --timeout 60s --quiet,21,5/15/2026,14:54:41,14:55:41
stress-ng --cpu 16 --cpu-load 12 --timeout 60s --quiet,6,5/15/2026,14:56:41,14:57:41
stress-ng --cpu 16 --cpu-load 16 --timeout 60s --quiet,8,5/15/2026,14:58:41,14:59:42
stress-ng --cpu 24 --cpu-load 39 --timeout 60s --quiet,29.25,5/15/2026,15:00:42,15:01:42
stress-ng --cpu 24 --cpu-load 86 --timeout 60s --quiet,64.5,5/15/2026,15:02:42,15:03:42
stress-ng --cpu 24 --cpu-load 14 --timeout 60s --quiet,10.5,5/15/2026,15:04:42,15:05:43
stress-ng --cpu 24 --cpu-load 0 --timeout 60s --quiet,0,5/15/2026,15:06:43,15:07:43
stress-ng --cpu 24 --cpu-load 18 --timeout 60s --quiet,13.5,5/15/2026,15:08:43,15:09:44
stress-ng --cpu 32 --cpu-load 48 --timeout 60s --quiet,48,5/15/2026,15:10:44,15:11:44
stress-ng --cpu 16 --cpu-load 74 --timeout 60s --quiet,37,5/15/2026,15:12:44,15:13:44
stress-ng --cpu 24 --cpu-load 25 --timeout 60s --quiet,18.75,5/15/2026,15:14:44,15:15:44
stress-ng --cpu 24 --cpu-load 20 --timeout 60s --quiet,15,5/15/2026,15:16:44,15:17:45
stress-ng --cpu 16 --cpu-load 86 --timeout 60s --quiet,43,5/15/2026,15:18:45,15:19:45
stress-ng --cpu 24 --cpu-load 60 --timeout 60s --quiet,45,5/15/2026,15:20:45,15:21:45
stress-ng --cpu 16 --cpu-load 20 --timeout 60s --quiet,10,5/15/2026,15:22:45,15:23:45
stress-ng --cpu 24 --cpu-load 11 --timeout 60s --quiet,8.25,5/15/2026,15:24:45,15:25:46
stress-ng --cpu 24 --cpu-load 50 --timeout 60s --quiet,37.5,5/15/2026,15:26:46,15:27:47
stress-ng --cpu 32 --cpu-load 38 --timeout 60s --quiet,38,5/15/2026,15:28:47,15:29:47
stress-ng --cpu 16 --cpu-load 80 --timeout 60s --quiet,40,5/15/2026,15:30:47,15:31:47
stress-ng --cpu 32 --cpu-load 35 --timeout 60s --quiet,35,5/15/2026,15:32:47,15:33:47
stress-ng --cpu 32 --cpu-load 36 --timeout 60s --quiet,36,5/15/2026,15:34:47,15:35:48
stress-ng --cpu 32 --cpu-load 88 --timeout 60s --quiet,88,5/15/2026,15:36:48,15:37:48
stress-ng --cpu 24 --cpu-load 89 --timeout 60s --quiet,66.75,5/15/2026,15:38:48,15:39:48
stress-ng --cpu 16 --cpu-load 72 --timeout 60s --quiet,36,5/15/2026,15:40:48,15:41:48
stress-ng --cpu 32 --cpu-load 84 --timeout 60s --quiet,84,5/15/2026,15:42:48,15:43:48
stress-ng --cpu 16 --cpu-load 82 --timeout 60s --quiet,41,5/15/2026,15:44:48,15:45:48
stress-ng --cpu 8 --cpu-load 8 --timeout 60s --quiet,2,5/15/2026,15:46:48,15:47:48
stress-ng --cpu 32 --cpu-load 43 --timeout 60s --quiet,43,5/15/2026,15:48:48,15:49:49
stress-ng --cpu 24 --cpu-load 61 --timeout 60s --quiet,45.75,5/15/2026,15:50:49,15:51:49
stress-ng --cpu 24 --cpu-load 78 --timeout 60s --quiet,58.5,5/15/2026,15:52:49,15:53:49
stress-ng --cpu 24 --cpu-load 74 --timeout 60s --quiet,55.5,5/15/2026,15:54:49,15:55:49
stress-ng --cpu 16 --cpu-load 30 --timeout 60s --quiet,15,5/15/2026,15:56:49,15:57:49
stress-ng --cpu 32 --cpu-load 99 --timeout 60s --quiet,99,5/15/2026,15:58:49,15:59:50
stress-ng --cpu 16 --cpu-load 24 --timeout 60s --quiet,12,5/15/2026,16:00:50,16:01:50
stress-ng --cpu 32 --cpu-load 80 --timeout 60s --quiet,80,5/15/2026,16:02:50,16:03:50
stress-ng --cpu 32 --cpu-load 20 --timeout 60s --quiet,20,5/15/2026,16:04:50,16:05:50
stress-ng --cpu 16 --cpu-load 48 --timeout 60s --quiet,24,5/15/2026,16:06:50,16:07:51
stress-ng --cpu 24 --cpu-load 10 --timeout 60s --quiet,7.5,5/15/2026,16:08:51,16:09:51
stress-ng --cpu 16 --cpu-load 18 --timeout 60s --quiet,9,5/15/2026,16:10:51,16:11:52
stress-ng --cpu 16 --cpu-load 90 --timeout 60s --quiet,45,5/15/2026,16:12:52,16:13:52
stress-ng --cpu 24 --cpu-load 16 --timeout 60s --quiet,12,5/15/2026,16:14:52,16:15:52
stress-ng --cpu 32 --cpu-load 44 --timeout 60s --quiet,44,5/15/2026,16:16:52,16:17:53
stress-ng --cpu 8 --cpu-load 88 --timeout 60s --quiet,22,5/15/2026,16:18:53,16:19:53
stress-ng --cpu 24 --cpu-load 88 --timeout 60s --quiet,66,5/15/2026,16:20:53,16:21:53
stress-ng --cpu 24 --cpu-load 83 --timeout 60s --quiet,62.25,5/15/2026,16:22:53,16:23:53
stress-ng --cpu 24 --cpu-load 56 --timeout 60s --quiet,42,5/15/2026,16:24:53,16:25:53
stress-ng --cpu 16 --cpu-load 34 --timeout 60s --quiet,17,5/15/2026,16:26:53,16:27:53
stress-ng --cpu 24 --cpu-load 46 --timeout 60s --quiet,34.5,5/15/2026,16:28:53,16:29:54
stress-ng --cpu 24 --cpu-load 57 --timeout 60s --quiet,42.75,5/15/2026,16:30:54,16:31:54
stress-ng --cpu 32 --cpu-load 50 --timeout 60s --quiet,50,5/15/2026,16:32:54,16:33:54
stress-ng --cpu 24 --cpu-load 59 --timeout 60s --quiet,44.25,5/15/2026,16:34:54,16:35:54
stress-ng --cpu 24 --cpu-load 12 --timeout 60s --quiet,9,5/15/2026,16:36:54,16:37:55
stress-ng --cpu 32 --cpu-load 96 --timeout 60s --quiet,96,5/15/2026,16:38:55,16:39:55
stress-ng --cpu 32 --cpu-load 25 --timeout 60s --quiet,25,5/15/2026,16:40:55,16:41:56
stress-ng --cpu 16 --cpu-load 70 --timeout 60s --quiet,35,5/15/2026,16:42:56,16:43:56
stress-ng --cpu 16 --cpu-load 56 --timeout 60s --quiet,28,5/15/2026,16:44:56,16:45:56
stress-ng --cpu 8 --cpu-load 100 --timeout 60s --quiet,25,5/15/2026,16:46:56,16:47:56
stress-ng --cpu 16 --cpu-load 44 --timeout 60s --quiet,22,5/15/2026,16:48:56,16:49:56
stress-ng --cpu 16 --cpu-load 68 --timeout 60s --quiet,34,5/15/2026,16:50:56,16:51:56
stress-ng --cpu 16 --cpu-load 52 --timeout 60s --quiet,26,5/15/2026,16:52:56,16:53:57
stress-ng --cpu 8 --cpu-load 60 --timeout 60s --quiet,15,5/15/2026,16:54:57,16:55:57
stress-ng --cpu 32 --cpu-load 91 --timeout 60s --quiet,91,5/15/2026,16:56:57,16:57:57
stress-ng --cpu 16 --cpu-load 66 --timeout 60s --quiet,33,5/15/2026,16:58:57,16:59:57
stress-ng --cpu 24 --cpu-load 52 --timeout 60s --quiet,39,5/15/2026,17:00:57,17:01:57
stress-ng --cpu 32 --cpu-load 71 --timeout 60s --quiet,71,5/15/2026,17:02:57,17:03:57
stress-ng --cpu 24 --cpu-load 85 --timeout 60s --quiet,63.75,5/15/2026,17:04:57,17:05:58
stress-ng --cpu 16 --cpu-load 28 --timeout 60s --quiet,14,5/15/2026,17:06:58,17:07:58
stress-ng --cpu 32 --cpu-load 94 --timeout 60s --quiet,94,5/15/2026,17:08:58,17:09:58
stress-ng --cpu 32 --cpu-load 59 --timeout 60s --quiet,59,5/15/2026,17:10:58,17:11:58
stress-ng --cpu 24 --cpu-load 1 --timeout 60s --quiet,0.75,5/15/2026,17:12:58,17:13:58
stress-ng --cpu 24 --cpu-load 91 --timeout 60s --quiet,68.25,5/15/2026,17:14:58,17:15:59
stress-ng --cpu 8 --cpu-load 76 --timeout 60s --quiet,19,5/15/2026,17:16:59,17:17:59
stress-ng --cpu 24 --cpu-load 41 --timeout 60s --quiet,30.75,5/15/2026,17:18:59,17:19:59
stress-ng --cpu 32 --cpu-load 12 --timeout 60s --quiet,12,5/15/2026,17:20:59,17:22:00
stress-ng --cpu 16 --cpu-load 36 --timeout 60s --quiet,18,5/15/2026,17:23:00,17:24:00
stress-ng --cpu 32 --cpu-load 55 --timeout 60s --quiet,55,5/15/2026,17:25:00,17:26:00
stress-ng --cpu 16 --cpu-load 100 --timeout 60s --quiet,50,5/15/2026,17:27:00,17:28:00
stress-ng --cpu 8 --cpu-load 56 --timeout 60s --quiet,14,5/15/2026,17:29:00,17:30:01
stress-ng --cpu 24 --cpu-load 92 --timeout 60s --quiet,69,5/15/2026,17:31:01,17:32:01
stress-ng --cpu 32 --cpu-load 7 --timeout 60s --quiet,7,5/15/2026,17:33:01,17:34:02
stress-ng --cpu 32 --cpu-load 40 --timeout 60s --quiet,40,5/15/2026,17:35:02,17:36:02
stress-ng --cpu 24 --cpu-load 32 --timeout 60s --quiet,24,5/15/2026,17:37:02,17:38:02
stress-ng --cpu 8 --cpu-load 24 --timeout 60s --quiet,6,5/15/2026,17:39:02,17:40:02
stress-ng --cpu 24 --cpu-load 53 --timeout 60s --quiet,39.75,5/15/2026,17:41:02,17:42:03
stress-ng --cpu 32 --cpu-load 78 --timeout 60s --quiet,78,5/15/2026,17:43:03,17:44:03
stress-ng --cpu 32 --cpu-load 27 --timeout 60s --quiet,27,5/15/2026,17:45:03,17:46:03
stress-ng --cpu 24 --cpu-load 35 --timeout 60s --quiet,26.25,5/15/2026,17:47:03,17:48:04
stress-ng --cpu 32 --cpu-load 41 --timeout 60s --quiet,41,5/15/2026,17:49:04,17:50:04
stress-ng --cpu 32 --cpu-load 54 --timeout 60s --quiet,54,5/15/2026,17:51:04,17:52:04
stress-ng --cpu 32 --cpu-load 82 --timeout 60s --quiet,82,5/15/2026,17:53:04,17:54:04
stress-ng --cpu 32 --cpu-load 73 --timeout 60s --quiet,73,5/15/2026,17:55:04,17:56:04
stress-ng --cpu 32 --cpu-load 24 --timeout 60s --quiet,24,5/15/2026,17:57:04,17:58:05
stress-ng --cpu 24 --cpu-load 49 --timeout 60s --quiet,36.75,5/15/2026,17:59:05,18:00:05
stress-ng --cpu 32 --cpu-load 93 --timeout 60s --quiet,93,5/15/2026,18:01:05,18:02:05
stress-ng --cpu 32 --cpu-load 15 --timeout 60s --quiet,15,5/15/2026,18:03:05,18:04:06
stress-ng --cpu 24 --cpu-load 6 --timeout 60s --quiet,4.5,5/15/2026,18:05:06,18:06:06
stress-ng --cpu 32 --cpu-load 62 --timeout 60s --quiet,62,5/15/2026,18:07:06,18:08:06
stress-ng --cpu 24 --cpu-load 80 --timeout 60s --quiet,60,5/15/2026,18:09:06,18:10:07
stress-ng --cpu 16 --cpu-load 38 --timeout 60s --quiet,19,5/15/2026,18:11:07,18:12:07
stress-ng --cpu 24 --cpu-load 4 --timeout 60s --quiet,3,5/15/2026,18:13:07,18:14:08
stress-ng --cpu 24 --cpu-load 75 --timeout 60s --quiet,56.25,5/15/2026,18:15:08,18:16:08
stress-ng --cpu 32 --cpu-load 65 --timeout 60s --quiet,65,5/15/2026,18:17:08,18:18:08
stress-ng --cpu 24 --cpu-load 9 --timeout 60s --quiet,6.75,5/15/2026,18:19:08,18:20:09
stress-ng --cpu 8 --cpu-load 12 --timeout 60s --quiet,3,5/15/2026,18:21:09,18:22:09
stress-ng --cpu 8 --cpu-load 72 --timeout 60s --quiet,18,5/15/2026,18:23:09,18:24:09
stress-ng --cpu 32 --cpu-load 57 --timeout 60s --quiet,57,5/15/2026,18:25:09,18:26:09
stress-ng --cpu 32 --cpu-load 74 --timeout 60s --quiet,74,5/15/2026,18:27:09,18:28:09
stress-ng --cpu 32 --cpu-load 97 --timeout 60s --quiet,97,5/15/2026,18:29:09,18:30:09
stress-ng --cpu 24 --cpu-load 24 --timeout 60s --quiet,18,5/15/2026,18:31:09,18:32:10
stress-ng --cpu 32 --cpu-load 4 --timeout 60s --quiet,4,5/15/2026,18:33:10,18:34:10
stress-ng --cpu 24 --cpu-load 36 --timeout 60s --quiet,27,5/15/2026,18:35:10,18:36:10
stress-ng --cpu 16 --cpu-load 64 --timeout 60s --quiet,32,5/15/2026,18:37:10,18:38:10
stress-ng --cpu 24 --cpu-load 100 --timeout 60s --quiet,75,5/15/2026,18:39:10,18:40:11
stress-ng --cpu 32 --cpu-load 23 --timeout 60s --quiet,23,5/15/2026,18:41:11,18:42:11
stress-ng --cpu 8 --cpu-load 0 --timeout 60s --quiet,0,5/15/2026,18:43:11,18:44:11
stress-ng --cpu 16 --cpu-load 6 --timeout 60s --quiet,3,5/15/2026,18:45:11,18:46:12
stress-ng --cpu 32 --cpu-load 8 --timeout 60s --quiet,8,5/15/2026,18:47:12,18:48:12
stress-ng --cpu 16 --cpu-load 2 --timeout 60s --quiet,1,5/15/2026,18:49:12,18:50:13
stress-ng --cpu 24 --cpu-load 38 --timeout 60s --quiet,28.5,5/15/2026,18:51:13,18:52:13
stress-ng --cpu 24 --cpu-load 81 --timeout 60s --quiet,60.75,5/15/2026,18:53:13,18:54:13
stress-ng --cpu 32 --cpu-load 29 --timeout 60s --quiet,29,5/15/2026,18:55:13,18:56:13
stress-ng --cpu 24 --cpu-load 68 --timeout 60s --quiet,51,5/15/2026,18:57:13,18:58:14
stress-ng --cpu 16 --cpu-load 10 --timeout 60s --quiet,5,5/15/2026,18:59:14,19:00:14
stress-ng --cpu 32 --cpu-load 5 --timeout 60s --quiet,5,5/15/2026,19:01:14,19:02:15
stress-ng --cpu 32 --cpu-load 9 --timeout 60s --quiet,9,5/15/2026,19:03:15,19:04:16
stress-ng --cpu 32 --cpu-load 47 --timeout 60s --quiet,47,5/15/2026,19:05:16,19:06:16
stress-ng --cpu 32 --cpu-load 64 --timeout 60s --quiet,64,5/15/2026,19:07:16,19:08:16
stress-ng --cpu 32 --cpu-load 28 --timeout 60s --quiet,28,5/15/2026,19:09:16,19:10:17
stress-ng --cpu 32 --cpu-load 79 --timeout 60s --quiet,79,5/15/2026,19:11:17,19:12:17
stress-ng --cpu 32 --cpu-load 3 --timeout 60s --quiet,3,5/15/2026,19:13:17,19:14:17
stress-ng --cpu 24 --cpu-load 15 --timeout 60s --quiet,11.25,5/15/2026,19:15:17,19:16:17
stress-ng --cpu 32 --cpu-load 100 --timeout 60s --quiet,100,5/15/2026,19:17:17,19:18:17
stress-ng --cpu 24 --cpu-load 43 --timeout 60s --quiet,32.25,5/15/2026,19:19:17,19:20:17
stress-ng --cpu 32 --cpu-load 45 --timeout 60s --quiet,45,5/15/2026,19:21:17,19:22:18
stress-ng --cpu 32 --cpu-load 30 --timeout 60s --quiet,30,5/15/2026,19:23:18,19:24:18
stress-ng --cpu 24 --cpu-load 65 --timeout 60s --quiet,48.75,5/15/2026,19:25:18,19:26:18
stress-ng --cpu 24 --cpu-load 94 --timeout 60s --quiet,70.5,5/15/2026,19:27:18,19:28:18
stress-ng --cpu 24 --cpu-load 66 --timeout 60s --quiet,49.5,5/15/2026,19:29:18,19:30:19
stress-ng --cpu 32 --cpu-load 13 --timeout 60s --quiet,13,5/15/2026,19:31:19,19:32:19
stress-ng --cpu 16 --cpu-load 46 --timeout 60s --quiet,23,5/15/2026,19:33:19,19:34:19
stress-ng --cpu 32 --cpu-load 60 --timeout 60s --quiet,60,5/15/2026,19:35:19,19:36:20
stress-ng --cpu 32 --cpu-load 17 --timeout 60s --quiet,17,5/15/2026,19:37:20,19:38:20
stress-ng --cpu 8 --cpu-load 64 --timeout 60s --quiet,16,5/15/2026,19:39:20,19:40:20
stress-ng --cpu 24 --cpu-load 8 --timeout 60s --quiet,6,5/15/2026,19:41:20,19:42:21
stress-ng --cpu 24 --cpu-load 95 --timeout 60s --quiet,71.25,5/15/2026,19:43:21,19:44:21
stress-ng --cpu 32 --cpu-load 56 --timeout 60s --quiet,56,5/15/2026,19:45:21,19:46:22
stress-ng --cpu 24 --cpu-load 17 --timeout 60s --quiet,12.75,5/15/2026,19:47:22,19:48:22
stress-ng --cpu 24 --cpu-load 96 --timeout 60s --quiet,72,5/15/2026,19:49:22,19:50:22
stress-ng --cpu 32 --cpu-load 75 --timeout 60s --quiet,75,5/15/2026,19:51:22,19:52:22
stress-ng --cpu 8 --cpu-load 28 --timeout 60s --quiet,7,5/15/2026,19:53:22,19:54:22
stress-ng --cpu 16 --cpu-load 84 --timeout 60s --quiet,42,5/15/2026,19:55:22,19:56:22
stress-ng --cpu 32 --cpu-load 0 --timeout 60s --quiet,0,5/15/2026,19:57:23,19:58:23
stress-ng --cpu 16 --cpu-load 78 --timeout 60s --quiet,39,5/15/2026,19:59:23,20:00:23
stress-ng --cpu 24 --cpu-load 28 --timeout 60s --quiet,21,5/15/2026,20:01:23,20:02:23
stress-ng --cpu 24 --cpu-load 29 --timeout 60s --quiet,21.75,5/15/2026,20:03:23,20:04:23
stress-ng --cpu 24 --cpu-load 58 --timeout 60s --quiet,43.5,5/15/2026,20:05:23,20:06:24
stress-ng --cpu 24 --cpu-load 45 --timeout 60s --quiet,33.75,5/15/2026,20:07:24,20:08:24
stress-ng --cpu 24 --cpu-load 7 --timeout 60s --quiet,5.25,5/15/2026,20:09:24,20:10:25
stress-ng --cpu 32 --cpu-load 14 --timeout 60s --quiet,14,5/15/2026,20:11:25,20:12:26
stress-ng --cpu 32 --cpu-load 76 --timeout 60s --quiet,76,5/15/2026,20:13:26,20:14:26
stress-ng --cpu 24 --cpu-load 63 --timeout 60s --quiet,47.25,5/15/2026,20:15:26,20:16:26
stress-ng --cpu 32 --cpu-load 61 --timeout 60s --quiet,61,5/15/2026,20:17:26,20:18:26
stress-ng --cpu 8 --cpu-load 20 --timeout 60s --quiet,5,5/15/2026,20:19:26,20:20:26
stress-ng --cpu 8 --cpu-load 4 --timeout 60s --quiet,1,5/15/2026,20:21:26,20:22:27
stress-ng --cpu 24 --cpu-load 97 --timeout 60s --quiet,72.75,5/15/2026,20:23:27,20:24:27
stress-ng --cpu 32 --cpu-load 32 --timeout 60s --quiet,32,5/15/2026,20:25:27,20:26:28
stress-ng --cpu 32 --cpu-load 46 --timeout 60s --quiet,46,5/15/2026,20:27:28,20:28:28
stress-ng --cpu 16 --cpu-load 98 --timeout 60s --quiet,49,5/15/2026,20:29:28,20:30:28
stress-ng --cpu 32 --cpu-load 33 --timeout 60s --quiet,33,5/15/2026,20:31:28,20:32:28
stress-ng --cpu 32 --cpu-load 22 --timeout 60s --quiet,22,5/15/2026,20:33:28,20:34:29
stress-ng --cpu 16 --cpu-load 42 --timeout 60s --quiet,21,5/15/2026,20:35:29,20:36:29
stress-ng --cpu 24 --cpu-load 77 --timeout 60s --quiet,57.75,5/15/2026,20:37:29,20:38:29
stress-ng --cpu 32 --cpu-load 70 --timeout 60s --quiet,70,5/15/2026,20:39:29,20:40:29
stress-ng --cpu 24 --cpu-load 31 --timeout 60s --quiet,23.25,5/15/2026,20:41:29,20:42:30
stress-ng --cpu 32 --cpu-load 11 --timeout 60s --quiet,11,5/15/2026,20:43:30,20:44:31
stress-ng --cpu 32 --cpu-load 37 --timeout 60s --quiet,37,5/15/2026,20:45:31,20:46:31
stress-ng --cpu 24 --cpu-load 87 --timeout 60s --quiet,65.25,5/15/2026,20:47:31,20:48:31
stress-ng --cpu 32 --cpu-load 87 --timeout 60s --quiet,87,5/15/2026,20:49:31,20:50:31
stress-ng --cpu 8 --cpu-load 32 --timeout 60s --quiet,8,5/15/2026,20:51:31,20:52:32
stress-ng --cpu 8 --cpu-load 80 --timeout 60s --quiet,20,5/15/2026,20:53:32,20:54:32
stress-ng --cpu 32 --cpu-load 18 --timeout 60s --quiet,18,5/15/2026,20:55:32,20:56:32
stress-ng --cpu 24 --cpu-load 98 --timeout 60s --quiet,73.5,5/15/2026,20:57:32,20:58:32
stress-ng --cpu 8 --cpu-load 36 --timeout 60s --quiet,9,5/15/2026,20:59:32,21:00:33
stress-ng --cpu 16 --cpu-load 22 --timeout 60s --quiet,11,5/15/2026,21:01:33,21:02:33
stress-ng --cpu 32 --cpu-load 86 --timeout 60s --quiet,86,5/15/2026,21:03:33,21:04:33
stress-ng --cpu 32 --cpu-load 90 --timeout 60s --quiet,90,5/15/2026,21:05:33,21:06:33
stress-ng --cpu 16 --cpu-load 4 --timeout 60s --quiet,2,5/15/2026,21:07:33,21:08:33
stress-ng --cpu 32 --cpu-load 77 --timeout 60s --quiet,77,5/15/2026,21:09:33,21:10:33
stress-ng --cpu 32 --cpu-load 89 --timeout 60s --quiet,89,5/15/2026,21:11:33,21:12:34
stress-ng --cpu 24 --cpu-load 27 --timeout 60s --quiet,20.25,5/15/2026,21:13:34,21:14:34
stress-ng --cpu 24 --cpu-load 62 --timeout 60s --quiet,46.5,5/15/2026,21:15:34,21:16:34
stress-ng --cpu 24 --cpu-load 93 --timeout 60s --quiet,69.75,5/15/2026,21:17:34,21:18:34
stress-ng --cpu 32 --cpu-load 34 --timeout 60s --quiet,34,5/15/2026,21:19:34,21:20:35
stress-ng --cpu 32 --cpu-load 83 --timeout 60s --quiet,83,5/15/2026,21:21:35,21:22:35
stress-ng --cpu 32 --cpu-load 58 --timeout 60s --quiet,58,5/15/2026,21:23:35,21:24:35
stress-ng --cpu 24 --cpu-load 51 --timeout 60s --quiet,38.25,5/15/2026,21:25:35,21:26:35
stress-ng --cpu 24 --cpu-load 72 --timeout 60s --quiet,54,5/15/2026,21:27:35,21:28:35
stress-ng --cpu 32 --cpu-load 69 --timeout 60s --quiet,69,5/15/2026,21:29:35,21:30:36
stress-ng --cpu 24 --cpu-load 54 --timeout 60s --quiet,40.5,5/15/2026,21:31:36,21:32:36
stress-ng --cpu 24 --cpu-load 73 --timeout 60s --quiet,54.75,5/15/2026,21:33:36,21:34:36
stress-ng --cpu 24 --cpu-load 42 --timeout 60s --quiet,31.5,5/15/2026,21:35:36,21:36:36
stress-ng --cpu 24 --cpu-load 67 --timeout 60s --quiet,50.25,5/15/2026,21:37:36,21:38:36
stress-ng --cpu 16 --cpu-load 14 --timeout 60s --quiet,7,5/15/2026,21:39:36,21:40:37
stress-ng --cpu 24 --cpu-load 33 --timeout 60s --quiet,24.75,5/15/2026,21:41:37,21:42:37
stress-ng --cpu 24 --cpu-load 48 --timeout 60s --quiet,36,5/15/2026,21:43:37,21:44:37
stress-ng --cpu 24 --cpu-load 37 --timeout 60s --quiet,27.75,5/15/2026,21:45:37,21:46:38
stress-ng --cpu 16 --cpu-load 54 --timeout 60s --quiet,27,5/15/2026,21:47:38,21:48:38
stress-ng --cpu 24 --cpu-load 2 --timeout 60s --quiet,1.5,5/15/2026,21:49:38,21:50:39
stress-ng --cpu 32 --cpu-load 66 --timeout 60s --quiet,66,5/15/2026,21:51:39,21:52:39
stress-ng --cpu 24 --cpu-load 30 --timeout 60s --quiet,22.5,5/15/2026,21:53:39,21:54:39
stress-ng --cpu 24 --cpu-load 79 --timeout 60s --quiet,59.25,5/15/2026,21:55:39,21:56:40
stress-ng --cpu 16 --cpu-load 76 --timeout 60s --quiet,38,5/15/2026,21:57:40,21:58:40
stress-ng --cpu 32 --cpu-load 67 --timeout 60s --quiet,67,5/15/2026,21:59:40,22:00:40
stress-ng --cpu 8 --cpu-load 52 --timeout 60s --quiet,13,5/15/2026,22:01:40,22:02:40
stress-ng --cpu 32 --cpu-load 92 --timeout 60s --quiet,92,5/15/2026,22:03:40,22:04:40
stress-ng --cpu 24 --cpu-load 55 --timeout 60s --quiet,41.25,5/15/2026,22:05:40,22:06:40
stress-ng --cpu 24 --cpu-load 13 --timeout 60s --quiet,9.75,5/15/2026,22:07:40,22:08:41
stress-ng --cpu 16 --cpu-load 50 --timeout 60s --quiet,25,5/15/2026,22:09:41,22:10:41
stress-ng --cpu 8 --cpu-load 40 --timeout 60s --quiet,10,5/15/2026,22:11:41,22:12:42
stress-ng --cpu 24 --cpu-load 90 --timeout 60s --quiet,67.5,5/15/2026,22:13:42,22:14:42
stress-ng --cpu 16 --cpu-load 32 --timeout 60s --quiet,16,5/15/2026,22:15:42,22:16:42
stress-ng --cpu 32 --cpu-load 95 --timeout 60s --quiet,95,5/15/2026,22:17:42,22:18:42
stress-ng --cpu 32 --cpu-load 21 --timeout 60s --quiet,21,5/15/2026,22:19:42,22:20:43
stress-ng --cpu 16 --cpu-load 92 --timeout 60s --quiet,46,5/15/2026,22:21:43,22:22:43
stress-ng --cpu 32 --cpu-load 39 --timeout 60s --quiet,39,5/15/2026,22:23:43,22:24:43
stress-ng --cpu 24 --cpu-load 21 --timeout 60s --quiet,15.75,5/15/2026,22:25:43,22:26:44
stress-ng --cpu 32 --cpu-load 98 --timeout 60s --quiet,98,5/15/2026,22:27:44,22:28:44
stress-ng --cpu 24 --cpu-load 5 --timeout 60s --quiet,3.75,5/15/2026,22:29:44,22:30:45
stress-ng --cpu 8 --cpu-load 16 --timeout 60s --quiet,4,5/15/2026,22:31:45,22:32:45
stress-ng --cpu 24 --cpu-load 23 --timeout 60s --quiet,17.25,5/15/2026,22:33:45,22:34:45
stress-ng --cpu 24 --cpu-load 34 --timeout 60s --quiet,25.5,5/15/2026,22:35:45,22:36:46
stress-ng --cpu 32 --cpu-load 81 --timeout 60s --quiet,81,5/15/2026,22:37:46,22:38:46
stress-ng --cpu 32 --cpu-load 19 --timeout 60s --quiet,19,5/15/2026,22:39:46,22:40:46
stress-ng --cpu 24 --cpu-load 44 --timeout 60s --quiet,33,5/15/2026,22:41:46,22:42:47
stress-ng --cpu 24 --cpu-load 84 --timeout 60s --quiet,63,5/15/2026,22:43:47,22:44:47
stress-ng --cpu 24 --cpu-load 99 --timeout 60s --quiet,74.25,5/15/2026,22:45:47,22:46:47
stress-ng --cpu 24 --cpu-load 82 --timeout 60s --quiet,61.5,5/15/2026,22:47:47,22:48:47
stress-ng --cpu 24 --cpu-load 22 --timeout 60s --quiet,16.5,5/15/2026,22:49:47,22:50:48
stress-ng --cpu 24 --cpu-load 47 --timeout 60s --quiet,35.25,5/15/2026,22:51:48,22:52:48
stress-ng --cpu 16 --cpu-load 94 --timeout 60s --quiet,47,5/15/2026,22:53:48,22:54:48
stress-ng --cpu 32 --cpu-load 72 --timeout 60s --quiet,72,5/15/2026,22:55:48,22:56:48
stress-ng --cpu 32 --cpu-load 52 --timeout 60s --quiet,52,5/15/2026,22:57:48,22:58:48
stress-ng --cpu 32 --cpu-load 1 --timeout 60s --quiet,1,5/15/2026,22:59:48,23:00:48
stress-ng --cpu 16 --cpu-load 96 --timeout 60s --quiet,48,5/15/2026,23:01:48,23:02:49
stress-ng --cpu 24 --cpu-load 64 --timeout 60s --quiet,48,5/15/2026,23:03:49,23:04:49
stress-ng --cpu 32 --cpu-load 85 --timeout 60s --quiet,85,5/15/2026,23:05:49,23:06:49
stress-ng --cpu 8 --cpu-load 92 --timeout 60s --quiet,23,5/15/2026,23:07:49,23:08:49
stress-ng --cpu 16 --cpu-load 40 --timeout 60s --quiet,20,5/15/2026,23:09:49,23:10:49
stress-ng --cpu 24 --cpu-load 40 --timeout 60s --quiet,30,5/15/2026,23:11:49,23:12:50
stress-ng --cpu 32 --cpu-load 63 --timeout 60s --quiet,63,5/15/2026,23:13:50,23:14:50
